
**** Build of configuration Debug for project light-led ****

"C:\\ti\\ccsv5\\utils\\bin\\gmake" -k all 
'Building file: ../main.c'
'Invoking: MSP430 Compiler'
"C:/ti/ccsv5/tools/compiler/msp430_4.2.1/bin/cl430" -vmsp --abi=eabi --include_path="C:/ti/ccsv5/ccs_base/msp430/include" --include_path="C:/ti/ccsv5/tools/compiler/msp430_4.2.1/include" --advice:power=all -g --define=__MSP430G2553__ --diag_warning=225 --display_error_number --diag_wrap=off --printf_support=minimal --preproc_with_compile --preproc_dependency="main.pp"  "../main.c"
'Finished building: ../main.c'
' '
'Building target: light-led.out'
'Invoking: MSP430 Linker'
"C:/ti/ccsv5/tools/compiler/msp430_4.2.1/bin/cl430" -vmsp --abi=eabi --advice:power=all -g --define=__MSP430G2553__ --diag_warning=225 --display_error_number --diag_wrap=off --printf_support=minimal -z -m"light-led.map" --heap_size=80 --stack_size=80 -i"C:/ti/ccsv5/ccs_base/msp430/include" -i"C:/ti/ccsv5/tools/compiler/msp430_4.2.1/lib" -i"C:/ti/ccsv5/tools/compiler/msp430_4.2.1/include" --reread_libs --warn_sections --display_error_number --diag_wrap=off --xml_link_info="light-led_linkInfo.xml" --rom_model -o "light-led.out"  "./main.obj" "../lnk_msp430g2553.cmd" -l"libc.a" 
<Linking>
remark #10371-D: (ULP 1.1) Detected no uses of low power mode state changes using LPMx or _bis_SR_register() or __low_power_mode_x() in this project.
remark #10372-D: (ULP 4.1) Detected uninitialized Port 2 in this project. Recommend initializing all unused ports to eliminate wasted current consumption on unused pins.
remark #10372-D: (ULP 4.1) Detected uninitialized Port 3 in this project. Recommend initializing all unused ports to eliminate wasted current consumption on unused pins.
'Finished building target: light-led.out'
' '

**** Build Finished ****

**** Build of configuration Debug for project light-led ****

"C:\\ti\\ccsv5\\utils\\bin\\gmake" -k all 
'Building file: ../main.c'
'Invoking: MSP430 Compiler'
"C:/ti/ccsv5/tools/compiler/msp430_4.2.1/bin/cl430" -vmsp --abi=eabi --include_path="C:/ti/ccsv5/ccs_base/msp430/include" --include_path="C:/ti/ccsv5/tools/compiler/msp430_4.2.1/include" --advice:power=all -g --define=__MSP430G2553__ --diag_warning=225 --display_error_number --diag_wrap=off --printf_support=minimal --preproc_with_compile --preproc_dependency="main.pp"  "../main.c"
"../main.c", line 24: warning #112-D: statement is unreachable
"../main.c", line 19: remark #1527-D: (ULP 2.1) Detected SW delay loop using empty loop. Recommend using a timer module instead
'Finished building: ../main.c'
' '
'Building target: light-led.out'
'Invoking: MSP430 Linker'
"C:/ti/ccsv5/tools/compiler/msp430_4.2.1/bin/cl430" -vmsp --abi=eabi --advice:power=all -g --define=__MSP430G2553__ --diag_warning=225 --display_error_number --diag_wrap=off --printf_support=minimal -z -m"light-led.map" --heap_size=80 --stack_size=80 -i"C:/ti/ccsv5/ccs_base/msp430/include" -i"C:/ti/ccsv5/tools/compiler/msp430_4.2.1/lib" -i"C:/ti/ccsv5/tools/compiler/msp430_4.2.1/include" --reread_libs --warn_sections --display_error_number --diag_wrap=off --xml_link_info="light-led_linkInfo.xml" --rom_model -o "light-led.out"  "./main.obj" "../lnk_msp430g2553.cmd" -l"libc.a" 
<Linking>
remark #10371-D: (ULP 1.1) Detected no uses of low power mode state changes using LPMx or _bis_SR_register() or __low_power_mode_x() in this project.
remark #10372-D: (ULP 4.1) Detected uninitialized Port 2 in this project. Recommend initializing all unused ports to eliminate wasted current consumption on unused pins.
remark #10372-D: (ULP 4.1) Detected uninitialized Port 3 in this project. Recommend initializing all unused ports to eliminate wasted current consumption on unused pins.
'Finished building target: light-led.out'
' '

**** Build Finished ****

**** Build of configuration Debug for project flash-led ****

"C:\\ti\\ccsv5\\utils\\bin\\gmake" -k all 
'Building file: ../main.c'
'Invoking: MSP430 Compiler'
"C:/ti/ccsv5/tools/compiler/msp430_4.2.1/bin/cl430" -vmsp --abi=eabi --include_path="C:/ti/ccsv5/ccs_base/msp430/include" --include_path="C:/ti/ccsv5/tools/compiler/msp430_4.2.1/include" --advice:power=all -g --define=__MSP430G2553__ --diag_warning=225 --display_error_number --diag_wrap=off --printf_support=minimal --preproc_with_compile --preproc_dependency="main.pp"  "../main.c"
"../main.c", line 19: warning #112-D: statement is unreachable
"../main.c", line 16: remark #1527-D: (ULP 2.1) Detected SW delay loop using __delay_cycles. Recommend using a timer module instead
'Finished building: ../main.c'
' '
'Building target: flash-led.out'
'Invoking: MSP430 Linker'
"C:/ti/ccsv5/tools/compiler/msp430_4.2.1/bin/cl430" -vmsp --abi=eabi --advice:power=all -g --define=__MSP430G2553__ --diag_warning=225 --display_error_number --diag_wrap=off --printf_support=minimal -z -m"flash-led.map" --heap_size=80 --stack_size=80 -i"C:/ti/ccsv5/ccs_base/msp430/include" -i"C:/ti/ccsv5/tools/compiler/msp430_4.2.1/lib" -i"C:/ti/ccsv5/tools/compiler/msp430_4.2.1/include" --reread_libs --warn_sections --display_error_number --diag_wrap=off --xml_link_info="flash-led_linkInfo.xml" --rom_model -o "flash-led.out"  "./main.obj" "../lnk_msp430g2553.cmd" -l"libc.a" 
<Linking>
remark #10371-D: (ULP 1.1) Detected no uses of low power mode state changes using LPMx or _bis_SR_register() or __low_power_mode_x() in this project.
remark #10372-D: (ULP 4.1) Detected uninitialized Port 2 in this project. Recommend initializing all unused ports to eliminate wasted current consumption on unused pins.
remark #10372-D: (ULP 4.1) Detected uninitialized Port 3 in this project. Recommend initializing all unused ports to eliminate wasted current consumption on unused pins.
'Finished building target: flash-led.out'
' '

**** Build Finished ****

**** Build of configuration Debug for project flash-led ****

"C:\\ti\\ccsv5\\utils\\bin\\gmake" -k all 
'Building file: ../main.c'
'Invoking: MSP430 Compiler'
"C:/ti/ccsv5/tools/compiler/msp430_4.2.1/bin/cl430" -vmsp --abi=eabi --include_path="C:/ti/ccsv5/ccs_base/msp430/include" --include_path="C:/ti/ccsv5/tools/compiler/msp430_4.2.1/include" --advice:power=all -g --define=__MSP430G2553__ --diag_warning=225 --display_error_number --diag_wrap=off --printf_support=minimal --preproc_with_compile --preproc_dependency="main.pp"  "../main.c"
"../main.c", line 19: warning #112-D: statement is unreachable
"../main.c", line 16: remark #1527-D: (ULP 2.1) Detected SW delay loop using __delay_cycles. Recommend using a timer module instead
'Finished building: ../main.c'
' '
'Building target: flash-led.out'
'Invoking: MSP430 Linker'
"C:/ti/ccsv5/tools/compiler/msp430_4.2.1/bin/cl430" -vmsp --abi=eabi --advice:power=all -g --define=__MSP430G2553__ --diag_warning=225 --display_error_number --diag_wrap=off --printf_support=minimal -z -m"flash-led.map" --heap_size=80 --stack_size=80 -i"C:/ti/ccsv5/ccs_base/msp430/include" -i"C:/ti/ccsv5/tools/compiler/msp430_4.2.1/lib" -i"C:/ti/ccsv5/tools/compiler/msp430_4.2.1/include" --reread_libs --warn_sections --display_error_number --diag_wrap=off --xml_link_info="flash-led_linkInfo.xml" --rom_model -o "flash-led.out"  "./main.obj" "../lnk_msp430g2553.cmd" -l"libc.a" 
<Linking>
remark #10371-D: (ULP 1.1) Detected no uses of low power mode state changes using LPMx or _bis_SR_register() or __low_power_mode_x() in this project.
remark #10372-D: (ULP 4.1) Detected uninitialized Port 2 in this project. Recommend initializing all unused ports to eliminate wasted current consumption on unused pins.
remark #10372-D: (ULP 4.1) Detected uninitialized Port 3 in this project. Recommend initializing all unused ports to eliminate wasted current consumption on unused pins.
'Finished building target: flash-led.out'
' '

**** Build Finished ****

**** Build of configuration Debug for project flash-led ****

"C:\\ti\\ccsv5\\utils\\bin\\gmake" -k all 
'Building file: ../main.c'
'Invoking: MSP430 Compiler'
"C:/ti/ccsv5/tools/compiler/msp430_4.2.1/bin/cl430" -vmsp --abi=eabi --include_path="C:/ti/ccsv5/ccs_base/msp430/include" --include_path="C:/ti/ccsv5/tools/compiler/msp430_4.2.1/include" --advice:power=all -g --define=__MSP430G2553__ --diag_warning=225 --display_error_number --diag_wrap=off --printf_support=minimal --preproc_with_compile --preproc_dependency="main.pp"  "../main.c"
"../main.c", line 19: warning #112-D: statement is unreachable
"../main.c", line 16: remark #1527-D: (ULP 2.1) Detected SW delay loop using __delay_cycles. Recommend using a timer module instead
'Finished building: ../main.c'
' '
'Building target: flash-led.out'
'Invoking: MSP430 Linker'
"C:/ti/ccsv5/tools/compiler/msp430_4.2.1/bin/cl430" -vmsp --abi=eabi --advice:power=all -g --define=__MSP430G2553__ --diag_warning=225 --display_error_number --diag_wrap=off --printf_support=minimal -z -m"flash-led.map" --heap_size=80 --stack_size=80 -i"C:/ti/ccsv5/ccs_base/msp430/include" -i"C:/ti/ccsv5/tools/compiler/msp430_4.2.1/lib" -i"C:/ti/ccsv5/tools/compiler/msp430_4.2.1/include" --reread_libs --warn_sections --display_error_number --diag_wrap=off --xml_link_info="flash-led_linkInfo.xml" --rom_model -o "flash-led.out"  "./main.obj" "../lnk_msp430g2553.cmd" -l"libc.a" 
<Linking>
remark #10371-D: (ULP 1.1) Detected no uses of low power mode state changes using LPMx or _bis_SR_register() or __low_power_mode_x() in this project.
remark #10372-D: (ULP 4.1) Detected uninitialized Port 2 in this project. Recommend initializing all unused ports to eliminate wasted current consumption on unused pins.
remark #10372-D: (ULP 4.1) Detected uninitialized Port 3 in this project. Recommend initializing all unused ports to eliminate wasted current consumption on unused pins.
'Finished building target: flash-led.out'
' '

**** Build Finished ****

**** Build of configuration Debug for project flash-led ****

"C:\\ti\\ccsv5\\utils\\bin\\gmake" -k all 
'Building file: ../main.c'
'Invoking: MSP430 Compiler'
"C:/ti/ccsv5/tools/compiler/msp430_4.2.1/bin/cl430" -vmsp --abi=eabi --include_path="C:/ti/ccsv5/ccs_base/msp430/include" --include_path="C:/ti/ccsv5/tools/compiler/msp430_4.2.1/include" --advice:power=all -g --define=__MSP430G2553__ --diag_warning=225 --display_error_number --diag_wrap=off --printf_support=minimal --preproc_with_compile --preproc_dependency="main.pp"  "../main.c"
"../main.c", line 19: warning #112-D: statement is unreachable
"../main.c", line 16: remark #1527-D: (ULP 2.1) Detected SW delay loop using __delay_cycles. Recommend using a timer module instead
'Finished building: ../main.c'
' '
'Building target: flash-led.out'
'Invoking: MSP430 Linker'
"C:/ti/ccsv5/tools/compiler/msp430_4.2.1/bin/cl430" -vmsp --abi=eabi --advice:power=all -g --define=__MSP430G2553__ --diag_warning=225 --display_error_number --diag_wrap=off --printf_support=minimal -z -m"flash-led.map" --heap_size=80 --stack_size=80 -i"C:/ti/ccsv5/ccs_base/msp430/include" -i"C:/ti/ccsv5/tools/compiler/msp430_4.2.1/lib" -i"C:/ti/ccsv5/tools/compiler/msp430_4.2.1/include" --reread_libs --warn_sections --display_error_number --diag_wrap=off --xml_link_info="flash-led_linkInfo.xml" --rom_model -o "flash-led.out"  "./main.obj" "../lnk_msp430g2553.cmd" -l"libc.a" 
<Linking>
remark #10371-D: (ULP 1.1) Detected no uses of low power mode state changes using LPMx or _bis_SR_register() or __low_power_mode_x() in this project.
remark #10372-D: (ULP 4.1) Detected uninitialized Port 2 in this project. Recommend initializing all unused ports to eliminate wasted current consumption on unused pins.
remark #10372-D: (ULP 4.1) Detected uninitialized Port 3 in this project. Recommend initializing all unused ports to eliminate wasted current consumption on unused pins.
'Finished building target: flash-led.out'
' '

**** Build Finished ****

**** Build of configuration Debug for project flash-led ****

"C:\\ti\\ccsv5\\utils\\bin\\gmake" -k all 
'Building file: ../main.c'
'Invoking: MSP430 Compiler'
"C:/ti/ccsv5/tools/compiler/msp430_4.2.1/bin/cl430" -vmsp --abi=eabi --include_path="C:/ti/ccsv5/ccs_base/msp430/include" --include_path="C:/ti/ccsv5/tools/compiler/msp430_4.2.1/include" --advice:power=all -g --define=__MSP430G2553__ --diag_warning=225 --display_error_number --diag_wrap=off --printf_support=minimal --preproc_with_compile --preproc_dependency="main.pp"  "../main.c"
"../main.c", line 19: warning #112-D: statement is unreachable
"../main.c", line 16: remark #1527-D: (ULP 2.1) Detected SW delay loop using __delay_cycles. Recommend using a timer module instead
'Finished building: ../main.c'
' '
'Building target: flash-led.out'
'Invoking: MSP430 Linker'
"C:/ti/ccsv5/tools/compiler/msp430_4.2.1/bin/cl430" -vmsp --abi=eabi --advice:power=all -g --define=__MSP430G2553__ --diag_warning=225 --display_error_number --diag_wrap=off --printf_support=minimal -z -m"flash-led.map" --heap_size=80 --stack_size=80 -i"C:/ti/ccsv5/ccs_base/msp430/include" -i"C:/ti/ccsv5/tools/compiler/msp430_4.2.1/lib" -i"C:/ti/ccsv5/tools/compiler/msp430_4.2.1/include" --reread_libs --warn_sections --display_error_number --diag_wrap=off --xml_link_info="flash-led_linkInfo.xml" --rom_model -o "flash-led.out"  "./main.obj" "../lnk_msp430g2553.cmd" -l"libc.a" 
<Linking>
remark #10371-D: (ULP 1.1) Detected no uses of low power mode state changes using LPMx or _bis_SR_register() or __low_power_mode_x() in this project.
remark #10372-D: (ULP 4.1) Detected uninitialized Port 2 in this project. Recommend initializing all unused ports to eliminate wasted current consumption on unused pins.
remark #10372-D: (ULP 4.1) Detected uninitialized Port 3 in this project. Recommend initializing all unused ports to eliminate wasted current consumption on unused pins.
'Finished building target: flash-led.out'
' '

**** Build Finished ****

**** Build of configuration Debug for project key-light-led ****

"C:\\ti\\ccsv5\\utils\\bin\\gmake" -k all 
'Building file: ../main.c'
'Invoking: MSP430 Compiler'
"C:/ti/ccsv5/tools/compiler/msp430_4.2.1/bin/cl430" -vmsp --abi=eabi --include_path="C:/ti/ccsv5/ccs_base/msp430/include" --include_path="C:/ti/ccsv5/tools/compiler/msp430_4.2.1/include" --advice:power=all -g --define=__MSP430G2553__ --diag_warning=225 --display_error_number --diag_wrap=off --printf_support=minimal --preproc_with_compile --preproc_dependency="main.pp"  "../main.c"
"../main.c", line 9: error #20: identifier "BIR6" is undefined
"../main.c", line 23: warning #112-D: statement is unreachable
1 error detected in the compilation of "../main.c".

>> Compilation failure
gmake: *** [main.obj] Error 1
gmake: Target `all' not remade because of errors.

**** Build Finished ****

**** Build of configuration Debug for project key-light-led ****

"C:\\ti\\ccsv5\\utils\\bin\\gmake" -k all 
'Building file: ../main.c'
'Invoking: MSP430 Compiler'
"C:/ti/ccsv5/tools/compiler/msp430_4.2.1/bin/cl430" -vmsp --abi=eabi --include_path="C:/ti/ccsv5/ccs_base/msp430/include" --include_path="C:/ti/ccsv5/tools/compiler/msp430_4.2.1/include" --advice:power=all -g --define=__MSP430G2553__ --diag_warning=225 --display_error_number --diag_wrap=off --printf_support=minimal --preproc_with_compile --preproc_dependency="main.pp"  "../main.c"
"../main.c", line 23: warning #112-D: statement is unreachable
'Finished building: ../main.c'
' '
'Building target: key-light-led.out'
'Invoking: MSP430 Linker'
"C:/ti/ccsv5/tools/compiler/msp430_4.2.1/bin/cl430" -vmsp --abi=eabi --advice:power=all -g --define=__MSP430G2553__ --diag_warning=225 --display_error_number --diag_wrap=off --printf_support=minimal -z -m"key-light-led.map" --heap_size=80 --stack_size=80 -i"C:/ti/ccsv5/ccs_base/msp430/include" -i"C:/ti/ccsv5/tools/compiler/msp430_4.2.1/lib" -i"C:/ti/ccsv5/tools/compiler/msp430_4.2.1/include" --reread_libs --warn_sections --display_error_number --diag_wrap=off --xml_link_info="key-light-led_linkInfo.xml" --rom_model -o "key-light-led.out"  "./main.obj" "../lnk_msp430g2553.cmd" -l"libc.a" 
<Linking>
remark #10371-D: (ULP 1.1) Detected no uses of low power mode state changes using LPMx or _bis_SR_register() or __low_power_mode_x() in this project.
remark #10372-D: (ULP 4.1) Detected uninitialized Port 2 in this project. Recommend initializing all unused ports to eliminate wasted current consumption on unused pins.
remark #10372-D: (ULP 4.1) Detected uninitialized Port 3 in this project. Recommend initializing all unused ports to eliminate wasted current consumption on unused pins.
'Finished building target: key-light-led.out'
' '

**** Build Finished ****

**** Build of configuration Debug for project key-light-led ****

"C:\\ti\\ccsv5\\utils\\bin\\gmake" -k all 
gmake: Nothing to be done for `all'.

**** Build Finished ****

**** Build of configuration Debug for project flash-led ****

"C:\\ti\\ccsv5\\utils\\bin\\gmake" -k all 
'Building file: ../main.c'
'Invoking: MSP430 Compiler'
"C:/ti/ccsv5/tools/compiler/msp430_4.2.1/bin/cl430" -vmsp --abi=eabi --include_path="C:/ti/ccsv5/ccs_base/msp430/include" --include_path="C:/ti/ccsv5/tools/compiler/msp430_4.2.1/include" --advice:power=all -g --define=__MSP430G2553__ --diag_warning=225 --display_error_number --diag_wrap=off --printf_support=minimal --preproc_with_compile --preproc_dependency="main.pp"  "../main.c"
"../main.c", line 21: warning #112-D: statement is unreachable
"../main.c", line 18: remark #1527-D: (ULP 2.1) Detected SW delay loop using __delay_cycles. Recommend using a timer module instead
'Finished building: ../main.c'
' '
'Building target: flash-led.out'
'Invoking: MSP430 Linker'
"C:/ti/ccsv5/tools/compiler/msp430_4.2.1/bin/cl430" -vmsp --abi=eabi --advice:power=all -g --define=__MSP430G2553__ --diag_warning=225 --display_error_number --diag_wrap=off --printf_support=minimal -z -m"flash-led.map" --heap_size=80 --stack_size=80 -i"C:/ti/ccsv5/ccs_base/msp430/include" -i"C:/ti/ccsv5/tools/compiler/msp430_4.2.1/lib" -i"C:/ti/ccsv5/tools/compiler/msp430_4.2.1/include" --reread_libs --warn_sections --display_error_number --diag_wrap=off --xml_link_info="flash-led_linkInfo.xml" --rom_model -o "flash-led.out"  "./main.obj" "../lnk_msp430g2553.cmd" -l"libc.a" 
<Linking>
remark #10371-D: (ULP 1.1) Detected no uses of low power mode state changes using LPMx or _bis_SR_register() or __low_power_mode_x() in this project.
remark #10372-D: (ULP 4.1) Detected uninitialized Port 2 in this project. Recommend initializing all unused ports to eliminate wasted current consumption on unused pins.
remark #10372-D: (ULP 4.1) Detected uninitialized Port 3 in this project. Recommend initializing all unused ports to eliminate wasted current consumption on unused pins.
'Finished building target: flash-led.out'
' '

**** Build Finished ****

**** Build of configuration Debug for project key-light-led ****

"C:\\ti\\ccsv5\\utils\\bin\\gmake" -k all 
'Building file: ../main.c'
'Invoking: MSP430 Compiler'
"C:/ti/ccsv5/tools/compiler/msp430_4.2.1/bin/cl430" -vmsp --abi=eabi --include_path="C:/ti/ccsv5/ccs_base/msp430/include" --include_path="C:/ti/ccsv5/tools/compiler/msp430_4.2.1/include" --advice:power=all -g --define=__MSP430G2553__ --diag_warning=225 --display_error_number --diag_wrap=off --printf_support=minimal --preproc_with_compile --preproc_dependency="main.pp"  "../main.c"
"../main.c", line 27: warning #112-D: statement is unreachable
'Finished building: ../main.c'
' '
'Building target: key-light-led.out'
'Invoking: MSP430 Linker'
"C:/ti/ccsv5/tools/compiler/msp430_4.2.1/bin/cl430" -vmsp --abi=eabi --advice:power=all -g --define=__MSP430G2553__ --diag_warning=225 --display_error_number --diag_wrap=off --printf_support=minimal -z -m"key-light-led.map" --heap_size=80 --stack_size=80 -i"C:/ti/ccsv5/ccs_base/msp430/include" -i"C:/ti/ccsv5/tools/compiler/msp430_4.2.1/lib" -i"C:/ti/ccsv5/tools/compiler/msp430_4.2.1/include" --reread_libs --warn_sections --display_error_number --diag_wrap=off --xml_link_info="key-light-led_linkInfo.xml" --rom_model -o "key-light-led.out"  "./main.obj" "../lnk_msp430g2553.cmd" -l"libc.a" 
<Linking>
remark #10371-D: (ULP 1.1) Detected no uses of low power mode state changes using LPMx or _bis_SR_register() or __low_power_mode_x() in this project.
remark #10372-D: (ULP 4.1) Detected uninitialized Port 2 in this project. Recommend initializing all unused ports to eliminate wasted current consumption on unused pins.
remark #10372-D: (ULP 4.1) Detected uninitialized Port 3 in this project. Recommend initializing all unused ports to eliminate wasted current consumption on unused pins.
'Finished building target: key-light-led.out'
' '

**** Build Finished ****

**** Build of configuration Debug for project key-light-led ****

"C:\\ti\\ccsv5\\utils\\bin\\gmake" -k all 
gmake: Nothing to be done for `all'.

**** Build Finished ****

**** Clean-only build of configuration Debug for project traffic_light1 ****

"C:\\ti\\ccsv5\\utils\\bin\\gmake" -k clean 
DEL /F  "traffic_light1.out"
DEL /F "main.pp" "src\BCSplus_init.pp" "src\HT1621.pp" "src\I2C.pp" "src\LCD_128.pp" "src\TCA6416A.pp" 
DEL /F "main.obj" "src\BCSplus_init.obj" "src\HT1621.obj" "src\I2C.obj" "src\LCD_128.obj" "src\TCA6416A.obj" 
'Finished clean'
' '

**** Build Finished ****

**** Build of configuration Debug for project traffic_light1 ****

"C:\\ti\\ccsv5\\utils\\bin\\gmake" -k all 
'Building file: ../main.c'
'Invoking: MSP430 Compiler'
"C:/ti/ccsv5/tools/compiler/msp430_4.2.1/bin/cl430" -vmsp --abi=eabi --include_path="C:/ti/ccsv5/ccs_base/msp430/include" --include_path="C:/Users/LENOVO/Desktop/traffic_light1/src" --include_path="C:/ti/ccsv5/tools/compiler/msp430_4.2.1/include" --advice:power=all -g --define=__MSP430G2553__ --diag_warning=225 --display_error_number --diag_wrap=off --printf_support=minimal --preproc_with_compile --preproc_dependency="main.pp"  "../main.c"
"../main.c", line 197: remark #1530-D: (ULP 5.1) Detected modulo operation(s). Recommend moving them to RAM during run time or not using as these are processing/power intensive
"../main.c", line 198: remark #1530-D: (ULP 5.1) Detected divide operation(s). Recommend moving them to RAM during run time or not using as these are processing/power intensive
"../main.c", line 199: remark #1530-D: (ULP 5.1) Detected modulo operation(s). Recommend moving them to RAM during run time or not using as these are processing/power intensive
"../main.c", line 200: remark #1530-D: (ULP 5.1) Detected divide operation(s). Recommend moving them to RAM during run time or not using as these are processing/power intensive
"../main.c", line 322: remark #1530-D: (ULP 5.1) Detected modulo operation(s). Recommend moving them to RAM during run time or not using as these are processing/power intensive
"../main.c", line 323: remark #1530-D: (ULP 5.1) Detected divide operation(s). Recommend moving them to RAM during run time or not using as these are processing/power intensive
"../main.c", line 324: remark #1530-D: (ULP 5.1) Detected modulo operation(s). Recommend moving them to RAM during run time or not using as these are processing/power intensive
"../main.c", line 325: remark #1530-D: (ULP 5.1) Detected divide operation(s). Recommend moving them to RAM during run time or not using as these are processing/power intensive
"../main.c", line 345: warning #225-D: function "TCA6416_Tx_Frame" declared implicitly
"../main.c", line 342: remark #1535-D: (ULP 8.1) variable "con" is used as a constant. Recommend declaring variable as either 'static const' or 'const'
"../main.c", line 32: remark #1535-D: (ULP 8.1) variable "dis_buf" is used as a constant. Recommend declaring variable as either 'static const' or 'const'
"../main.c", line 50: remark #1535-D: (ULP 8.1) variable "c" is used as a constant. Recommend declaring variable as either 'static const' or 'const'
"../main.c", line 52: remark #1535-D: (ULP 8.1) variable "yellow" is used as a constant. Recommend declaring variable as either 'static const' or 'const'
'Finished building: ../main.c'
' '
'Building file: ../src/BCSplus_init.c'
'Invoking: MSP430 Compiler'
"C:/ti/ccsv5/tools/compiler/msp430_4.2.1/bin/cl430" -vmsp --abi=eabi --include_path="C:/ti/ccsv5/ccs_base/msp430/include" --include_path="C:/Users/LENOVO/Desktop/traffic_light1/src" --include_path="C:/ti/ccsv5/tools/compiler/msp430_4.2.1/include" --advice:power=all -g --define=__MSP430G2553__ --diag_warning=225 --display_error_number --diag_wrap=off --printf_support=minimal --preproc_with_compile --preproc_dependency="src/BCSplus_init.pp" --obj_directory="src"  "../src/BCSplus_init.c"
"../src/BCSplus_init.c", line 52: remark #1527-D: (ULP 2.1) Detected SW delay loop using __delay_cycles. Recommend using a timer module instead
'Finished building: ../src/BCSplus_init.c'
' '
'Building file: ../src/HT1621.c'
'Invoking: MSP430 Compiler'
"C:/ti/ccsv5/tools/compiler/msp430_4.2.1/bin/cl430" -vmsp --abi=eabi --include_path="C:/ti/ccsv5/ccs_base/msp430/include" --include_path="C:/Users/LENOVO/Desktop/traffic_light1/src" --include_path="C:/ti/ccsv5/tools/compiler/msp430_4.2.1/include" --advice:power=all -g --define=__MSP430G2553__ --diag_warning=225 --display_error_number --diag_wrap=off --printf_support=minimal --preproc_with_compile --preproc_dependency="src/HT1621.pp" --obj_directory="src"  "../src/HT1621.c"
"../src/HT1621.c", line 68: remark #1544-D: (ULP 13.1) Detected loop counting up. Recommend loops count down as detecting zeros is easier
"../src/HT1621.c", line 75: remark #1544-D: (ULP 13.1) Detected loop counting up. Recommend loops count down as detecting zeros is easier
"../src/HT1621.c", line 84: remark #1544-D: (ULP 13.1) Detected loop counting up. Recommend loops count down as detecting zeros is easier
"../src/HT1621.c", line 93: remark #1544-D: (ULP 13.1) Detected loop counting up. Recommend loops count down as detecting zeros is easier
"../src/HT1621.c", line 114: remark #1544-D: (ULP 13.1) Detected loop counting up. Recommend loops count down as detecting zeros is easier
"../src/HT1621.c", line 119: remark #1544-D: (ULP 13.1) Detected loop counting up. Recommend loops count down as detecting zeros is easier
"../src/HT1621.c", line 124: remark #1544-D: (ULP 13.1) Detected loop counting up. Recommend loops count down as detecting zeros is easier
"../src/HT1621.c", line 127: remark #1544-D: (ULP 13.1) Detected loop counting up. Recommend loops count down as detecting zeros is easier
"../src/HT1621.c", line 152: remark #1544-D: (ULP 13.1) Detected loop counting up. Recommend loops count down as detecting zeros is easier
"../src/HT1621.c", line 157: remark #1544-D: (ULP 13.1) Detected loop counting up. Recommend loops count down as detecting zeros is easier
"../src/HT1621.c", line 163: remark #1544-D: (ULP 13.1) Detected loop counting up. Recommend loops count down as detecting zeros is easier
'Finished building: ../src/HT1621.c'
' '
'Building file: ../src/I2C.c'
'Invoking: MSP430 Compiler'
"C:/ti/ccsv5/tools/compiler/msp430_4.2.1/bin/cl430" -vmsp --abi=eabi --include_path="C:/ti/ccsv5/ccs_base/msp430/include" --include_path="C:/Users/LENOVO/Desktop/traffic_light1/src" --include_path="C:/ti/ccsv5/tools/compiler/msp430_4.2.1/include" --advice:power=all -g --define=__MSP430G2553__ --diag_warning=225 --display_error_number --diag_wrap=off --printf_support=minimal --preproc_with_compile --preproc_dependency="src/I2C.pp" --obj_directory="src"  "../src/I2C.c"
"../src/I2C.c", line 277: remark #1544-D: (ULP 13.1) Detected loop counting up. Recommend loops count down as detecting zeros is easier
"../src/I2C.c", line 282: remark #1540-D: (ULP 11.2) Assignment of higher bits (constants) to "P1DIR" within a loop. Recommend using lower 4 bits to allow use of constant generators
"../src/I2C.c", line 285: remark #1540-D: (ULP 11.2) Assignment of higher bits (constants) to "P1DIR" within a loop. Recommend using lower 4 bits to allow use of constant generators
"../src/I2C.c", line 326: remark #1544-D: (ULP 13.1) Detected loop counting up. Recommend loops count down as detecting zeros is easier
"../src/I2C.c", line 334: remark #1540-D: (ULP 11.2) Assignment of higher bits (constants) to "P1DIR" within a loop. Recommend using lower 4 bits to allow use of constant generators
"../src/I2C.c", line 354: remark #1544-D: (ULP 13.1) Detected loop counting up. Recommend loops count down as detecting zeros is easier
"../src/I2C.c", line 362: remark #1540-D: (ULP 11.2) Assignment of higher bits (constants) to "P1DIR" within a loop. Recommend using lower 4 bits to allow use of constant generators
"../src/I2C.c", line 381: remark #1544-D: (ULP 13.1) Detected loop counting up. Recommend loops count down as detecting zeros is easier
"../src/I2C.c", line 404: remark #1544-D: (ULP 13.1) Detected loop counting up. Recommend loops count down as detecting zeros is easier
"../src/I2C.c", line 423: warning #179-D: variable "i" was declared but never referenced
"../src/I2C.c", line 423: remark #1535-D: (ULP 8.1) variable "i" is used as a constant. Recommend declaring variable as either 'static const' or 'const'
'Finished building: ../src/I2C.c'
' '
'Building file: ../src/LCD_128.c'
'Invoking: MSP430 Compiler'
"C:/ti/ccsv5/tools/compiler/msp430_4.2.1/bin/cl430" -vmsp --abi=eabi --include_path="C:/ti/ccsv5/ccs_base/msp430/include" --include_path="C:/Users/LENOVO/Desktop/traffic_light1/src" --include_path="C:/ti/ccsv5/tools/compiler/msp430_4.2.1/include" --advice:power=all -g --define=__MSP430G2553__ --diag_warning=225 --display_error_number --diag_wrap=off --printf_support=minimal --preproc_with_compile --preproc_dependency="src/LCD_128.pp" --obj_directory="src"  "../src/LCD_128.c"
"../src/LCD_128.c", line 21: remark #1544-D: (ULP 13.1) Detected loop counting up. Recommend loops count down as detecting zeros is easier
"../src/LCD_128.c", line 31: remark #2553-D: (ULP 14.1) Array index (involving "SegNum") of type "int". Recommend using "unsigned int"
"../src/LCD_128.c", line 31: remark #1530-D: (ULP 5.1) Detected divide operation(s). Recommend moving them to RAM during run time or not using as these are processing/power intensive
"../src/LCD_128.c", line 41: remark #2553-D: (ULP 14.1) Array index (involving "SegNum") of type "int". Recommend using "unsigned int"
"../src/LCD_128.c", line 41: remark #1530-D: (ULP 5.1) Detected divide operation(s). Recommend moving them to RAM during run time or not using as these are processing/power intensive
"../src/LCD_128.c", line 266: remark #1544-D: (ULP 13.1) Detected loop counting up. Recommend loops count down as detecting zeros is easier
"../src/LCD_128.c", line 268: remark #1530-D: (ULP 5.1) Detected modulo operation(s). Recommend moving them to RAM during run time or not using as these are processing/power intensive
"../src/LCD_128.c", line 269: remark #1530-D: (ULP 5.1) Detected divide operation(s). Recommend moving them to RAM during run time or not using as these are processing/power intensive
"../src/LCD_128.c", line 276: remark #1544-D: (ULP 13.1) Detected loop counting up. Recommend loops count down as detecting zeros is easier
"../src/LCD_128.c", line 258: remark #1535-D: (ULP 8.1) variable "DispBuff" is used as a constant. Recommend declaring variable as either 'static const' or 'const'
"../src/LCD_128.c", line 11: remark #1535-D: (ULP 8.1) variable "LCD_Buffer" is used as a constant. Recommend declaring variable as either 'static const' or 'const'
'Finished building: ../src/LCD_128.c'
' '
'Building file: ../src/TCA6416A.c'
'Invoking: MSP430 Compiler'
"C:/ti/ccsv5/tools/compiler/msp430_4.2.1/bin/cl430" -vmsp --abi=eabi --include_path="C:/ti/ccsv5/ccs_base/msp430/include" --include_path="C:/Users/LENOVO/Desktop/traffic_light1/src" --include_path="C:/ti/ccsv5/tools/compiler/msp430_4.2.1/include" --advice:power=all -g --define=__MSP430G2553__ --diag_warning=225 --display_error_number --diag_wrap=off --printf_support=minimal --preproc_with_compile --preproc_dependency="src/TCA6416A.pp" --obj_directory="src"  "../src/TCA6416A.c"
"../src/TCA6416A.c", line 64: warning #225-D: function "I2C_RxFrame1" declared implicitly
"../src/TCA6416A.c", line 78: remark #1527-D: (ULP 2.1) Detected SW delay loop using __delay_cycles. Recommend using a timer module instead
"../src/TCA6416A.c", line 77: remark #1535-D: (ULP 8.1) variable "conf" is used as a constant. Recommend declaring variable as either 'static const' or 'const'
"../src/TCA6416A.c", line 128: remark #1530-D: (ULP 5.1) Detected modulo operation(s). Recommend moving them to RAM during run time or not using as these are processing/power intensive
"../src/TCA6416A.c", line 130: remark #1530-D: (ULP 5.1) Detected modulo operation(s). Recommend moving them to RAM during run time or not using as these are processing/power intensive
"../src/TCA6416A.c", line 112: remark #1535-D: (ULP 8.1) variable "out0_7" is used as a constant. Recommend declaring variable as either 'static const' or 'const'
"../src/TCA6416A.c", line 113: remark #1535-D: (ULP 8.1) variable "out10_17" is used as a constant. Recommend declaring variable as either 'static const' or 'const'
"../src/TCA6416A.c", line 151: remark #1535-D: (ULP 8.1) variable "temp" is used as a constant. Recommend declaring variable as either 'static const' or 'const'
"../src/TCA6416A.c", line 152: remark #1535-D: (ULP 8.1) variable "conf" is used as a constant. Recommend declaring variable as either 'static const' or 'const'
'Finished building: ../src/TCA6416A.c'
' '
'Building target: traffic_light1.out'
'Invoking: MSP430 Linker'
"C:/ti/ccsv5/tools/compiler/msp430_4.2.1/bin/cl430" -vmsp --abi=eabi --advice:power=all -g --define=__MSP430G2553__ --diag_warning=225 --display_error_number --diag_wrap=off --printf_support=minimal -z -m"traffic_light1.map" --heap_size=80 --stack_size=80 -i"C:/ti/ccsv5/ccs_base/msp430/include" -i"C:/ti/ccsv5/tools/compiler/msp430_4.2.1/lib" -i"C:/ti/ccsv5/tools/compiler/msp430_4.2.1/include" --reread_libs --warn_sections --display_error_number --diag_wrap=off --xml_link_info="traffic_light1_linkInfo.xml" --rom_model -o "traffic_light1.out"  "./src/TCA6416A.obj" "./src/LCD_128.obj" "./src/I2C.obj" "./src/HT1621.obj" "./src/BCSplus_init.obj" "./main.obj" "../lnk_msp430g2553.cmd" -l"libc.a" 
<Linking>
remark #10372-D: (ULP 4.1) Detected uninitialized Port 2 in this project. Recommend initializing all unused ports to eliminate wasted current consumption on unused pins.
remark #10372-D: (ULP 4.1) Detected uninitialized Port 3 in this project. Recommend initializing all unused ports to eliminate wasted current consumption on unused pins.
'Finished building target: traffic_light1.out'
' '
'Create flash image: Intel-HEX'
"C:/ti/ccsv5/tools/compiler/msp430_4.2.1/bin/hex430" -i "traffic_light1.out" -o "traffic_light1.hex" -order MS -romwidth 16
Translating to Intel format...
   "traffic_light1.out"   ==> .text
   "traffic_light1.out"   ==> .cinit
   "traffic_light1.out"   ==> PORT1
   "traffic_light1.out"   ==> PORT2
   "traffic_light1.out"   ==> ADC10
   "traffic_light1.out"   ==> USCIAB0TX
   "traffic_light1.out"   ==> USCIAB0RX
   "traffic_light1.out"   ==> TIMER0_A1
   "traffic_light1.out"   ==> TIMER0_A0
   "traffic_light1.out"   ==> WDT
   "traffic_light1.out"   ==> COMPARATORA
   "traffic_light1.out"   ==> TIMER1_A1
   "traffic_light1.out"   ==> TIMER1_A0
   "traffic_light1.out"   ==> NMI
   "traffic_light1.out"   ==> .reset
' '

**** Build Finished ****

**** Build of configuration Debug for project light-led ****

"C:\\ti\\ccsv5\\utils\\bin\\gmake" -k all 
gmake: Nothing to be done for `all'.

**** Build Finished ****

**** Build of configuration Debug for project uart-send-char ****

"C:\\ti\\ccsv5\\utils\\bin\\gmake" -k all 
'Building file: ../main.c'
'Invoking: MSP430 Compiler'
"C:/ti/ccsv5/tools/compiler/msp430_4.2.1/bin/cl430" -vmsp --abi=eabi --include_path="C:/ti/ccsv5/ccs_base/msp430/include" --include_path="C:/ti/ccsv5/tools/compiler/msp430_4.2.1/include" --advice:power=all -g --define=__MSP430G2553__ --diag_warning=225 --display_error_number --diag_wrap=off --printf_support=minimal --preproc_with_compile --preproc_dependency="main.pp"  "../main.c"
'Finished building: ../main.c'
' '
'Building target: uart-send-char.out'
'Invoking: MSP430 Linker'
"C:/ti/ccsv5/tools/compiler/msp430_4.2.1/bin/cl430" -vmsp --abi=eabi --advice:power=all -g --define=__MSP430G2553__ --diag_warning=225 --display_error_number --diag_wrap=off --printf_support=minimal -z -m"uart-send-char.map" --heap_size=80 --stack_size=80 -i"C:/ti/ccsv5/ccs_base/msp430/include" -i"C:/ti/ccsv5/tools/compiler/msp430_4.2.1/lib" -i"C:/ti/ccsv5/tools/compiler/msp430_4.2.1/include" --reread_libs --warn_sections --display_error_number --diag_wrap=off --xml_link_info="uart-send-char_linkInfo.xml" --rom_model -o "uart-send-char.out"  "./main.obj" "../lnk_msp430g2553.cmd" -l"libc.a" 
<Linking>
remark #10371-D: (ULP 1.1) Detected no uses of low power mode state changes using LPMx or _bis_SR_register() or __low_power_mode_x() in this project.
remark #10372-D: (ULP 4.1) Detected uninitialized Port 1 in this project. Recommend initializing all unused ports to eliminate wasted current consumption on unused pins.
remark #10372-D: (ULP 4.1) Detected uninitialized Port 2 in this project. Recommend initializing all unused ports to eliminate wasted current consumption on unused pins.
remark #10372-D: (ULP 4.1) Detected uninitialized Port 3 in this project. Recommend initializing all unused ports to eliminate wasted current consumption on unused pins.
'Finished building target: uart-send-char.out'
' '

**** Build Finished ****

**** Build of configuration Debug for project flash-led ****

"C:\\ti\\ccsv5\\utils\\bin\\gmake" -k all 
gmake: Nothing to be done for `all'.

**** Build Finished ****

**** Build of configuration Debug for project key-light-led ****

"C:\\ti\\ccsv5\\utils\\bin\\gmake" -k all 
gmake: Nothing to be done for `all'.

**** Build Finished ****

**** Build of configuration Debug for project light-led ****

"C:\\ti\\ccsv5\\utils\\bin\\gmake" -k all 
'Building file: ../main.c'
'Invoking: MSP430 Compiler'
"C:/ti/ccsv5/tools/compiler/msp430_4.2.1/bin/cl430" -vmsp --abi=eabi --include_path="C:/ti/ccsv5/ccs_base/msp430/include" --include_path="C:/ti/ccsv5/tools/compiler/msp430_4.2.1/include" --advice:power=all -g --define=__MSP430G2553__ --diag_warning=225 --display_error_number --diag_wrap=off --printf_support=minimal --preproc_with_compile --preproc_dependency="main.pp"  "../main.c"
"../main.c", line 24: warning #112-D: statement is unreachable
"../main.c", line 19: remark #1527-D: (ULP 2.1) Detected SW delay loop using empty loop. Recommend using a timer module instead
'Finished building: ../main.c'
' '
'Building target: light-led.out'
'Invoking: MSP430 Linker'
"C:/ti/ccsv5/tools/compiler/msp430_4.2.1/bin/cl430" -vmsp --abi=eabi --advice:power=all -g --define=__MSP430G2553__ --diag_warning=225 --display_error_number --diag_wrap=off --printf_support=minimal -z -m"light-led.map" --heap_size=80 --stack_size=80 -i"C:/ti/ccsv5/ccs_base/msp430/include" -i"C:/ti/ccsv5/tools/compiler/msp430_4.2.1/lib" -i"C:/ti/ccsv5/tools/compiler/msp430_4.2.1/include" --reread_libs --warn_sections --display_error_number --diag_wrap=off --xml_link_info="light-led_linkInfo.xml" --rom_model -o "light-led.out"  "./main.obj" "../lnk_msp430g2553.cmd" -l"libc.a" 
<Linking>
remark #10371-D: (ULP 1.1) Detected no uses of low power mode state changes using LPMx or _bis_SR_register() or __low_power_mode_x() in this project.
remark #10372-D: (ULP 4.1) Detected uninitialized Port 2 in this project. Recommend initializing all unused ports to eliminate wasted current consumption on unused pins.
remark #10372-D: (ULP 4.1) Detected uninitialized Port 3 in this project. Recommend initializing all unused ports to eliminate wasted current consumption on unused pins.
'Finished building target: light-led.out'
' '

**** Build Finished ****

**** Build of configuration Debug for project system-clock ****

"C:\\ti\\ccsv5\\utils\\bin\\gmake" -k all 
'Building file: ../main.c'
'Invoking: MSP430 Compiler'
"C:/ti/ccsv5/tools/compiler/msp430_4.2.1/bin/cl430" -vmsp --abi=eabi --include_path="C:/ti/ccsv5/ccs_base/msp430/include" --include_path="C:/ti/ccsv5/tools/compiler/msp430_4.2.1/include" --advice:power=all -g --define=__MSP430G2553__ --diag_warning=225 --display_error_number --diag_wrap=off --printf_support=minimal --preproc_with_compile --preproc_dependency="main.pp"  "../main.c"
"../main.c", line 23: warning #112-D: statement is unreachable
"../main.c", line 20: remark #1527-D: (ULP 2.1) Detected SW delay loop using __delay_cycles. Recommend using a timer module instead
'Finished building: ../main.c'
' '
'Building target: system-clock.out'
'Invoking: MSP430 Linker'
"C:/ti/ccsv5/tools/compiler/msp430_4.2.1/bin/cl430" -vmsp --abi=eabi --advice:power=all -g --define=__MSP430G2553__ --diag_warning=225 --display_error_number --diag_wrap=off --printf_support=minimal -z -m"system-clock.map" --heap_size=80 --stack_size=80 -i"C:/ti/ccsv5/ccs_base/msp430/include" -i"C:/ti/ccsv5/tools/compiler/msp430_4.2.1/lib" -i"C:/ti/ccsv5/tools/compiler/msp430_4.2.1/include" --reread_libs --warn_sections --display_error_number --diag_wrap=off --xml_link_info="system-clock_linkInfo.xml" --rom_model -o "system-clock.out"  "./main.obj" "../lnk_msp430g2553.cmd" -l"libc.a" 
<Linking>
remark #10371-D: (ULP 1.1) Detected no uses of low power mode state changes using LPMx or _bis_SR_register() or __low_power_mode_x() in this project.
remark #10372-D: (ULP 4.1) Detected uninitialized Port 2 in this project. Recommend initializing all unused ports to eliminate wasted current consumption on unused pins.
remark #10372-D: (ULP 4.1) Detected uninitialized Port 3 in this project. Recommend initializing all unused ports to eliminate wasted current consumption on unused pins.
'Finished building target: system-clock.out'
' '

**** Build Finished ****

**** Build of configuration Debug for project uart-send-char ****

"C:\\ti\\ccsv5\\utils\\bin\\gmake" -k all 
'Building file: ../main.c'
'Invoking: MSP430 Compiler'
"C:/ti/ccsv5/tools/compiler/msp430_4.2.1/bin/cl430" -vmsp --abi=eabi --include_path="C:/ti/ccsv5/ccs_base/msp430/include" --include_path="C:/ti/ccsv5/tools/compiler/msp430_4.2.1/include" --advice:power=all -g --define=__MSP430G2553__ --diag_warning=225 --display_error_number --diag_wrap=off --printf_support=minimal --preproc_with_compile --preproc_dependency="main.pp"  "../main.c"
"../main.c", line 10: error #20: identifier "CAL_DCO_1MHZ" is undefined
"../main.c", line 11: error #20: identifier "CAL_BC1_1MHZ" is undefined
"../main.c", line 35: error #20: identifier "UUCSWRST" is undefined
"../main.c", line 45: warning #112-D: statement is unreachable
"../main.c", line 39: remark #1527-D: (ULP 2.1) Detected SW delay loop using __delay_cycles. Recommend using a timer module instead
3 errors detected in the compilation of "../main.c".

>> Compilation failure
gmake: *** [main.obj] Error 1
gmake: Target `all' not remade because of errors.

**** Build Finished ****

**** Build of configuration Debug for project flash-led ****

"C:\\ti\\ccsv5\\utils\\bin\\gmake" -k all 
gmake: Nothing to be done for `all'.

**** Build Finished ****

**** Build of configuration Debug for project key-light-led ****

"C:\\ti\\ccsv5\\utils\\bin\\gmake" -k all 
gmake: Nothing to be done for `all'.

**** Build Finished ****

**** Build of configuration Debug for project light-led ****

"C:\\ti\\ccsv5\\utils\\bin\\gmake" -k all 
gmake: Nothing to be done for `all'.

**** Build Finished ****

**** Build of configuration Debug for project system-clock ****

"C:\\ti\\ccsv5\\utils\\bin\\gmake" -k all 
gmake: Nothing to be done for `all'.

**** Build Finished ****

**** Build of configuration Debug for project uart-send-char ****

"C:\\ti\\ccsv5\\utils\\bin\\gmake" -k all 
'Building file: ../main.c'
'Invoking: MSP430 Compiler'
"C:/ti/ccsv5/tools/compiler/msp430_4.2.1/bin/cl430" -vmsp --abi=eabi --include_path="C:/ti/ccsv5/ccs_base/msp430/include" --include_path="C:/ti/ccsv5/tools/compiler/msp430_4.2.1/include" --advice:power=all -g --define=__MSP430G2553__ --diag_warning=225 --display_error_number --diag_wrap=off --printf_support=minimal --preproc_with_compile --preproc_dependency="main.pp"  "../main.c"
"../main.c", line 35: error #20: identifier "UUCSWRST" is undefined
"../main.c", line 45: warning #112-D: statement is unreachable
"../main.c", line 39: remark #1527-D: (ULP 2.1) Detected SW delay loop using __delay_cycles. Recommend using a timer module instead
1 error detected in the compilation of "../main.c".

>> Compilation failure
gmake: *** [main.obj] Error 1
gmake: Target `all' not remade because of errors.

**** Build Finished ****

**** Build of configuration Debug for project flash-led ****

"C:\\ti\\ccsv5\\utils\\bin\\gmake" -k all 
gmake: Nothing to be done for `all'.

**** Build Finished ****

**** Build of configuration Debug for project key-light-led ****

"C:\\ti\\ccsv5\\utils\\bin\\gmake" -k all 
gmake: Nothing to be done for `all'.

**** Build Finished ****

**** Build of configuration Debug for project light-led ****

"C:\\ti\\ccsv5\\utils\\bin\\gmake" -k all 
gmake: Nothing to be done for `all'.

**** Build Finished ****

**** Build of configuration Debug for project system-clock ****

"C:\\ti\\ccsv5\\utils\\bin\\gmake" -k all 
gmake: Nothing to be done for `all'.

**** Build Finished ****

**** Build of configuration Debug for project uart-send-char ****

"C:\\ti\\ccsv5\\utils\\bin\\gmake" -k all 
'Building file: ../main.c'
'Invoking: MSP430 Compiler'
"C:/ti/ccsv5/tools/compiler/msp430_4.2.1/bin/cl430" -vmsp --abi=eabi --include_path="C:/ti/ccsv5/ccs_base/msp430/include" --include_path="C:/ti/ccsv5/tools/compiler/msp430_4.2.1/include" --advice:power=all -g --define=__MSP430G2553__ --diag_warning=225 --display_error_number --diag_wrap=off --printf_support=minimal --preproc_with_compile --preproc_dependency="main.pp"  "../main.c"
"../main.c", line 45: warning #112-D: statement is unreachable
"../main.c", line 39: remark #1527-D: (ULP 2.1) Detected SW delay loop using __delay_cycles. Recommend using a timer module instead
'Finished building: ../main.c'
' '
'Building target: uart-send-char.out'
'Invoking: MSP430 Linker'
"C:/ti/ccsv5/tools/compiler/msp430_4.2.1/bin/cl430" -vmsp --abi=eabi --advice:power=all -g --define=__MSP430G2553__ --diag_warning=225 --display_error_number --diag_wrap=off --printf_support=minimal -z -m"uart-send-char.map" --heap_size=80 --stack_size=80 -i"C:/ti/ccsv5/ccs_base/msp430/include" -i"C:/ti/ccsv5/tools/compiler/msp430_4.2.1/lib" -i"C:/ti/ccsv5/tools/compiler/msp430_4.2.1/include" --reread_libs --warn_sections --display_error_number --diag_wrap=off --xml_link_info="uart-send-char_linkInfo.xml" --rom_model -o "uart-send-char.out"  "./main.obj" "../lnk_msp430g2553.cmd" -l"libc.a" 
<Linking>
remark #10371-D: (ULP 1.1) Detected no uses of low power mode state changes using LPMx or _bis_SR_register() or __low_power_mode_x() in this project.
remark #10372-D: (ULP 4.1) Detected uninitialized Port 2 in this project. Recommend initializing all unused ports to eliminate wasted current consumption on unused pins.
remark #10372-D: (ULP 4.1) Detected uninitialized Port 3 in this project. Recommend initializing all unused ports to eliminate wasted current consumption on unused pins.
'Finished building target: uart-send-char.out'
' '

**** Build Finished ****

**** Build of configuration Debug for project uart-send-char ****

"C:\\ti\\ccsv5\\utils\\bin\\gmake" -k all 
gmake: Nothing to be done for `all'.

**** Build Finished ****

**** Build of configuration Debug for project uart-send-char ****

"C:\\ti\\ccsv5\\utils\\bin\\gmake" -k all 
'Building file: ../main.c'
'Invoking: MSP430 Compiler'
"C:/ti/ccsv5/tools/compiler/msp430_4.2.1/bin/cl430" -vmsp --abi=eabi --include_path="C:/ti/ccsv5/ccs_base/msp430/include" --include_path="C:/ti/ccsv5/tools/compiler/msp430_4.2.1/include" --advice:power=all -g --define=__MSP430G2553__ --diag_warning=225 --display_error_number --diag_wrap=off --printf_support=minimal --preproc_with_compile --preproc_dependency="main.pp"  "../main.c"
"../main.c", line 50: remark #1528-D: (ULP 3.1) Detected flag polling using UCBUSY. Recommend using an interrupt combined with enter LPMx and ISR
"../main.c", line 49: remark #1544-D: (ULP 13.1) Detected loop counting up. Recommend loops count down as detecting zeros is easier
"../main.c", line 62: warning #169-D: argument of type "char *" is incompatible with parameter of type "uint8_t *"
"../main.c", line 69: warning #112-D: statement is unreachable
"../main.c", line 63: remark #1527-D: (ULP 2.1) Detected SW delay loop using __delay_cycles. Recommend using a timer module instead
'Finished building: ../main.c'
' '
'Building target: uart-send-char.out'
'Invoking: MSP430 Linker'
"C:/ti/ccsv5/tools/compiler/msp430_4.2.1/bin/cl430" -vmsp --abi=eabi --advice:power=all -g --define=__MSP430G2553__ --diag_warning=225 --display_error_number --diag_wrap=off --printf_support=minimal -z -m"uart-send-char.map" --heap_size=80 --stack_size=80 -i"C:/ti/ccsv5/ccs_base/msp430/include" -i"C:/ti/ccsv5/tools/compiler/msp430_4.2.1/lib" -i"C:/ti/ccsv5/tools/compiler/msp430_4.2.1/include" --reread_libs --warn_sections --display_error_number --diag_wrap=off --xml_link_info="uart-send-char_linkInfo.xml" --rom_model -o "uart-send-char.out"  "./main.obj" "../lnk_msp430g2553.cmd" -l"libc.a" 
<Linking>
remark #10371-D: (ULP 1.1) Detected no uses of low power mode state changes using LPMx or _bis_SR_register() or __low_power_mode_x() in this project.
remark #10372-D: (ULP 4.1) Detected uninitialized Port 2 in this project. Recommend initializing all unused ports to eliminate wasted current consumption on unused pins.
remark #10372-D: (ULP 4.1) Detected uninitialized Port 3 in this project. Recommend initializing all unused ports to eliminate wasted current consumption on unused pins.
'Finished building target: uart-send-char.out'
' '

**** Build Finished ****

**** Build of configuration Debug for project flash-led ****

"C:\\ti\\ccsv5\\utils\\bin\\gmake" -k all 
gmake: Nothing to be done for `all'.

**** Build Finished ****

**** Build of configuration Debug for project key-light-led ****

"C:\\ti\\ccsv5\\utils\\bin\\gmake" -k all 
gmake: Nothing to be done for `all'.

**** Build Finished ****

**** Build of configuration Debug for project light-led ****

"C:\\ti\\ccsv5\\utils\\bin\\gmake" -k all 
gmake: Nothing to be done for `all'.

**** Build Finished ****

**** Build of configuration Debug for project system-clock ****

"C:\\ti\\ccsv5\\utils\\bin\\gmake" -k all 
gmake: Nothing to be done for `all'.

**** Build Finished ****

**** Build of configuration Debug for project uart-send-char ****

"C:\\ti\\ccsv5\\utils\\bin\\gmake" -k all 
gmake: Nothing to be done for `all'.

**** Build Finished ****

**** Build of configuration Debug for project uart-send-char ****

"C:\\ti\\ccsv5\\utils\\bin\\gmake" -k all 
gmake: Nothing to be done for `all'.

**** Build Finished ****

**** Build of configuration Debug for project uart-send-char ****

"C:\\ti\\ccsv5\\utils\\bin\\gmake" -k all 
gmake: Nothing to be done for `all'.

**** Build Finished ****

**** Build of configuration Debug for project uart-send-char ****

"C:\\ti\\ccsv5\\utils\\bin\\gmake" -k all 
gmake: Nothing to be done for `all'.

**** Build Finished ****

**** Build of configuration Debug for project key-light-led-usingInterrupt ****

"C:\\ti\\ccsv5\\utils\\bin\\gmake" -k all 
'Building file: ../main.c'
'Invoking: MSP430 Compiler'
"C:/ti/ccsv5/tools/compiler/msp430_4.2.1/bin/cl430" -vmsp --abi=eabi --include_path="C:/ti/ccsv5/ccs_base/msp430/include" --include_path="C:/ti/ccsv5/tools/compiler/msp430_4.2.1/include" --advice:power=all -g --define=__MSP430G2553__ --diag_warning=225 --display_error_number --diag_wrap=off --printf_support=minimal --preproc_with_compile --preproc_dependency="main.pp"  "../main.c"
"../main.c", line 32: warning #112-D: statement is unreachable
"../main.c", line 28: remark #1527-D: (ULP 2.1) Detected SW delay loop using empty loop. Recommend using a timer module instead
'Finished building: ../main.c'
' '
'Building target: key-light-led-usingInterrupt.out'
'Invoking: MSP430 Linker'
"C:/ti/ccsv5/tools/compiler/msp430_4.2.1/bin/cl430" -vmsp --abi=eabi --advice:power=all -g --define=__MSP430G2553__ --diag_warning=225 --display_error_number --diag_wrap=off --printf_support=minimal -z -m"key-light-led-usingInterrupt.map" --heap_size=80 --stack_size=80 -i"C:/ti/ccsv5/ccs_base/msp430/include" -i"C:/ti/ccsv5/tools/compiler/msp430_4.2.1/lib" -i"C:/ti/ccsv5/tools/compiler/msp430_4.2.1/include" --reread_libs --warn_sections --display_error_number --diag_wrap=off --xml_link_info="key-light-led-usingInterrupt_linkInfo.xml" --rom_model -o "key-light-led-usingInterrupt.out"  "./main.obj" "../lnk_msp430g2553.cmd" -l"libc.a" 
<Linking>
remark #10372-D: (ULP 4.1) Detected uninitialized Port 2 in this project. Recommend initializing all unused ports to eliminate wasted current consumption on unused pins.
remark #10372-D: (ULP 4.1) Detected uninitialized Port 3 in this project. Recommend initializing all unused ports to eliminate wasted current consumption on unused pins.
'Finished building target: key-light-led-usingInterrupt.out'
' '

**** Build Finished ****

**** Build of configuration Debug for project timer-1s ****

"C:\\ti\\ccsv5\\utils\\bin\\gmake" -k all 
'Building file: ../main.c'
'Invoking: MSP430 Compiler'
"C:/ti/ccsv5/tools/compiler/msp430_4.2.1/bin/cl430" -vmsp --abi=eabi --include_path="C:/ti/ccsv5/ccs_base/msp430/include" --include_path="C:/ti/ccsv5/tools/compiler/msp430_4.2.1/include" --advice:power=all -g --define=__MSP430G2553__ --diag_warning=225 --display_error_number --diag_wrap=off --printf_support=minimal --preproc_with_compile --preproc_dependency="main.pp"  "../main.c"
"../main.c", line 9: error #20: identifier "uint8_t" is undefined

"../main.c", line 34: warning #112-D: statement is unreachable
"../main.c", line 9: remark #1535-D: (ULP 8.1) variable "cnt" is used as a constant. Recommend declaring variable as either 'static const' or 'const'
1 error detected in the compilation of "../main.c".
>> Compilation failure
gmake: *** [main.obj] Error 1
gmake: Target `all' not remade because of errors.

**** Build Finished ****

**** Build of configuration Debug for project timer-1s ****

"C:\\ti\\ccsv5\\utils\\bin\\gmake" -k all 
'Building file: ../main.c'
'Invoking: MSP430 Compiler'
"C:/ti/ccsv5/tools/compiler/msp430_4.2.1/bin/cl430" -vmsp --abi=eabi --include_path="C:/ti/ccsv5/ccs_base/msp430/include" --include_path="C:/ti/ccsv5/tools/compiler/msp430_4.2.1/include" --advice:power=all -g --define=__MSP430G2553__ --diag_warning=225 --display_error_number --diag_wrap=off --printf_support=minimal --preproc_with_compile --preproc_dependency="main.pp"  "../main.c"
"../main.c", line 36: warning #112-D: statement is unreachable
'Finished building: ../main.c'
' '
'Building target: timer-1s.out'
'Invoking: MSP430 Linker'
"C:/ti/ccsv5/tools/compiler/msp430_4.2.1/bin/cl430" -vmsp --abi=eabi --advice:power=all -g --define=__MSP430G2553__ --diag_warning=225 --display_error_number --diag_wrap=off --printf_support=minimal -z -m"timer-1s.map" --heap_size=80 --stack_size=80 -i"C:/ti/ccsv5/ccs_base/msp430/include" -i"C:/ti/ccsv5/tools/compiler/msp430_4.2.1/lib" -i"C:/ti/ccsv5/tools/compiler/msp430_4.2.1/include" --reread_libs --warn_sections --display_error_number --diag_wrap=off --xml_link_info="timer-1s_linkInfo.xml" --rom_model -o "timer-1s.out"  "./main.obj" "../lnk_msp430g2553.cmd" -l"libc.a" 
<Linking>
remark #10371-D: (ULP 1.1) Detected no uses of low power mode state changes using LPMx or _bis_SR_register() or __low_power_mode_x() in this project.
remark #10372-D: (ULP 4.1) Detected uninitialized Port 2 in this project. Recommend initializing all unused ports to eliminate wasted current consumption on unused pins.
remark #10372-D: (ULP 4.1) Detected uninitialized Port 3 in this project. Recommend initializing all unused ports to eliminate wasted current consumption on unused pins.
'Finished building target: timer-1s.out'
' '

**** Build Finished ****

**** Build of configuration Debug for project timer-1s ****

"C:\\ti\\ccsv5\\utils\\bin\\gmake" -k all 
gmake: Nothing to be done for `all'.

**** Build Finished ****

**** Build of configuration Debug for project timer-1s ****

"C:\\ti\\ccsv5\\utils\\bin\\gmake" -k all 
gmake: Nothing to be done for `all'.

**** Build Finished ****

**** Build of configuration Debug for project timer-1s ****

"C:\\ti\\ccsv5\\utils\\bin\\gmake" -k all 
'Building file: ../main.c'
'Invoking: MSP430 Compiler'
"C:/ti/ccsv5/tools/compiler/msp430_4.2.1/bin/cl430" -vmsp --abi=eabi --include_path="C:/ti/ccsv5/ccs_base/msp430/include" --include_path="C:/ti/ccsv5/tools/compiler/msp430_4.2.1/include" --advice:power=all -g --define=__MSP430G2553__ --diag_warning=225 --display_error_number --diag_wrap=off --printf_support=minimal --preproc_with_compile --preproc_dependency="main.pp"  "../main.c"
"../main.c", line 36: warning #112-D: statement is unreachable
'Finished building: ../main.c'
' '
'Building target: timer-1s.out'
'Invoking: MSP430 Linker'
"C:/ti/ccsv5/tools/compiler/msp430_4.2.1/bin/cl430" -vmsp --abi=eabi --advice:power=all -g --define=__MSP430G2553__ --diag_warning=225 --display_error_number --diag_wrap=off --printf_support=minimal -z -m"timer-1s.map" --heap_size=80 --stack_size=80 -i"C:/ti/ccsv5/ccs_base/msp430/include" -i"C:/ti/ccsv5/tools/compiler/msp430_4.2.1/lib" -i"C:/ti/ccsv5/tools/compiler/msp430_4.2.1/include" --reread_libs --warn_sections --display_error_number --diag_wrap=off --xml_link_info="timer-1s_linkInfo.xml" --rom_model -o "timer-1s.out"  "./main.obj" "../lnk_msp430g2553.cmd" -l"libc.a" 
<Linking>
remark #10371-D: (ULP 1.1) Detected no uses of low power mode state changes using LPMx or _bis_SR_register() or __low_power_mode_x() in this project.
remark #10372-D: (ULP 4.1) Detected uninitialized Port 2 in this project. Recommend initializing all unused ports to eliminate wasted current consumption on unused pins.
remark #10372-D: (ULP 4.1) Detected uninitialized Port 3 in this project. Recommend initializing all unused ports to eliminate wasted current consumption on unused pins.
'Finished building target: timer-1s.out'
' '

**** Build Finished ****

**** Build of configuration Debug for project breath-led ****

"C:\\ti\\ccsv5\\utils\\bin\\gmake" -k all 
'Building file: ../main.c'
'Invoking: MSP430 Compiler'
"C:/ti/ccsv5/tools/compiler/msp430_4.2.1/bin/cl430" -vmsp --abi=eabi --include_path="C:/ti/ccsv5/ccs_base/msp430/include" --include_path="C:/ti/ccsv5/tools/compiler/msp430_4.2.1/include" --advice:power=all -g --define=__MSP430G2553__ --diag_warning=225 --display_error_number --diag_wrap=off --printf_support=minimal --preproc_with_compile --preproc_dependency="main.pp"  "../main.c"
"../main.c", line 47: warning #112-D: statement is unreachable
"../main.c", line 36: remark #1544-D: (ULP 13.1) Detected loop counting up. Recommend loops count down as detecting zeros is easier
"../main.c", line 38: remark #1527-D: (ULP 2.1) Detected SW delay loop using __delay_cycles. Recommend using a timer module instead
"../main.c", line 43: remark #1527-D: (ULP 2.1) Detected SW delay loop using __delay_cycles. Recommend using a timer module instead
'Finished building: ../main.c'
' '
'Building target: breath-led.out'
'Invoking: MSP430 Linker'
"C:/ti/ccsv5/tools/compiler/msp430_4.2.1/bin/cl430" -vmsp --abi=eabi --advice:power=all -g --define=__MSP430G2553__ --diag_warning=225 --display_error_number --diag_wrap=off --printf_support=minimal -z -m"breath-led.map" --heap_size=80 --stack_size=80 -i"C:/ti/ccsv5/ccs_base/msp430/include" -i"C:/ti/ccsv5/tools/compiler/msp430_4.2.1/lib" -i"C:/ti/ccsv5/tools/compiler/msp430_4.2.1/include" --reread_libs --warn_sections --display_error_number --diag_wrap=off --xml_link_info="breath-led_linkInfo.xml" --rom_model -o "breath-led.out"  "./main.obj" "../lnk_msp430g2553.cmd" -l"libc.a" 
<Linking>
remark #10371-D: (ULP 1.1) Detected no uses of low power mode state changes using LPMx or _bis_SR_register() or __low_power_mode_x() in this project.
remark #10372-D: (ULP 4.1) Detected uninitialized Port 1 in this project. Recommend initializing all unused ports to eliminate wasted current consumption on unused pins.
remark #10372-D: (ULP 4.1) Detected uninitialized Port 3 in this project. Recommend initializing all unused ports to eliminate wasted current consumption on unused pins.
'Finished building target: breath-led.out'
' '

**** Build Finished ****

**** Build of configuration Debug for project msp430g2xx3_ta_17 ****

"C:\\ti\\ccsv5\\utils\\bin\\gmake" -k all 
'Building file: ../msp430g2xx3_ta_17.c'
'Invoking: MSP430 Compiler'
"C:/ti/ccsv5/tools/compiler/msp430_4.2.1/bin/cl430" -vmsp --abi=eabi --include_path="C:/ti/ccsv5/ccs_base/msp430/include" --include_path="C:/ti/ccsv5/tools/compiler/msp430_4.2.1/include" --advice:power=all -g --define=__MSP430G2553__ --diag_warning=225 --display_error_number --diag_wrap=off --printf_support=minimal --preproc_with_compile --preproc_dependency="msp430g2xx3_ta_17.pp"  "../msp430g2xx3_ta_17.c"
"../msp430g2xx3_ta_17.c", line 74: error #20: identifier "WDTCTL" is undefined
"../msp430g2xx3_ta_17.c", line 74: error #20: identifier "WDTPW" is undefined
"../msp430g2xx3_ta_17.c", line 74: error #20: identifier "WDTHOLD" is undefined
"../msp430g2xx3_ta_17.c", line 75: error #20: identifier "P1DIR" is undefined
"../msp430g2xx3_ta_17.c", line 75: error #20: identifier "BIT3" is undefined
"../msp430g2xx3_ta_17.c", line 76: error #20: identifier "P1SEL" is undefined
"../msp430g2xx3_ta_17.c", line 77: error #20: identifier "CCR0" is undefined
"../msp430g2xx3_ta_17.c", line 78: error #20: identifier "CCTL1" is undefined
"../msp430g2xx3_ta_17.c", line 78: error #20: identifier "OUTMOD_7" is undefined

>> Compilation failure
"../msp430g2xx3_ta_17.c", line 79: error #20: identifier "CCR1" is undefined
"../msp430g2xx3_ta_17.c", line 80: error #20: identifier "TACTL" is undefined
"../msp430g2xx3_ta_17.c", line 80: error #20: identifier "TASSEL_1" is undefined
"../msp430g2xx3_ta_17.c", line 80: error #20: identifier "MC_1" is undefined
"../msp430g2xx3_ta_17.c", line 82: warning #225-D: function "_BIS_SR" declared implicitly
"../msp430g2xx3_ta_17.c", line 82: error #20: identifier "LPM3_bits" is undefined
14 errors detected in the compilation of "../msp430g2xx3_ta_17.c".
gmake: *** [msp430g2xx3_ta_17.obj] Error 1
gmake: Target `all' not remade because of errors.

**** Build Finished ****

**** Build of configuration Debug for project msp430g2xx3_ta_17 ****

"C:\\ti\\ccsv5\\utils\\bin\\gmake" -k all 
'Building file: ../msp430g2xx3_ta_17.c'
'Invoking: MSP430 Compiler'
"C:/ti/ccsv5/tools/compiler/msp430_4.2.1/bin/cl430" -vmsp --abi=eabi --include_path="C:/ti/ccsv5/ccs_base/msp430/include" --include_path="C:/ti/ccsv5/tools/compiler/msp430_4.2.1/include" --advice:power=all -g --define=__MSP430G2553__ --diag_warning=225 --display_error_number --diag_wrap=off --printf_support=minimal --preproc_with_compile --preproc_dependency="msp430g2xx3_ta_17.pp"  "../msp430g2xx3_ta_17.c"
"../msp430g2xx3_ta_17.c", line 79: remark #1533-D: (ULP 6.1) Detected use of multiplication on a device that has no hardware multiplier
"../msp430g2xx3_ta_17.c", line 79 (col. 15): remark #1531-D: (ULP 5.2) Detected floating point operation(s). Recommend moving them to RAM during run time or not using as these are processing/power intensive
'Finished building: ../msp430g2xx3_ta_17.c'
' '
'Building target: msp430g2xx3_ta_17.out'
'Invoking: MSP430 Linker'
"C:/ti/ccsv5/tools/compiler/msp430_4.2.1/bin/cl430" -vmsp --abi=eabi --advice:power=all -g --define=__MSP430G2553__ --diag_warning=225 --display_error_number --diag_wrap=off --printf_support=minimal -z -m"msp430g2xx3_ta_17.map" --heap_size=80 --stack_size=80 -i"C:/ti/ccsv5/ccs_base/msp430/include" -i"C:/ti/ccsv5/tools/compiler/msp430_4.2.1/lib" -i"C:/ti/ccsv5/tools/compiler/msp430_4.2.1/include" --reread_libs --warn_sections --display_error_number --diag_wrap=off --xml_link_info="msp430g2xx3_ta_17_linkInfo.xml" --rom_model -o "msp430g2xx3_ta_17.out"  "./msp430g2xx3_ta_17.obj" "../lnk_msp430g2553.cmd" -l"libc.a" 
<Linking>
remark #10372-D: (ULP 4.1) Detected uninitialized Port 2 in this project. Recommend initializing all unused ports to eliminate wasted current consumption on unused pins.
remark #10372-D: (ULP 4.1) Detected uninitialized Port 3 in this project. Recommend initializing all unused ports to eliminate wasted current consumption on unused pins.
'Finished building target: msp430g2xx3_ta_17.out'
' '

**** Build Finished ****

**** Build of configuration Debug for project msp430g2xx3_ta_17 ****

"C:\\ti\\ccsv5\\utils\\bin\\gmake" -k all 
'Building file: ../msp430g2xx3_ta_17.c'
'Invoking: MSP430 Compiler'
"C:/ti/ccsv5/tools/compiler/msp430_4.2.1/bin/cl430" -vmsp --abi=eabi --include_path="C:/ti/ccsv5/ccs_base/msp430/include" --include_path="C:/ti/ccsv5/tools/compiler/msp430_4.2.1/include" --advice:power=all -g --define=__MSP430G2553__ --diag_warning=225 --display_error_number --diag_wrap=off --printf_support=minimal --preproc_with_compile --preproc_dependency="msp430g2xx3_ta_17.pp"  "../msp430g2xx3_ta_17.c"
"../msp430g2xx3_ta_17.c", line 89: error #20: identifier "cnt" is undefined
"../msp430g2xx3_ta_17.c", line 84: remark #1533-D: (ULP 6.1) Detected use of multiplication on a device that has no hardware multiplier
1 error detected in the compilation of "../msp430g2xx3_ta_17.c".

>> Compilation failure
gmake: *** [msp430g2xx3_ta_17.obj] Error 1
gmake: Target `all' not remade because of errors.

**** Build Finished ****

**** Build of configuration Debug for project msp430g2xx3_ta_17 ****

"C:\\ti\\ccsv5\\utils\\bin\\gmake" -k all 
'Building file: ../msp430g2xx3_ta_17.c'
'Invoking: MSP430 Compiler'
"C:/ti/ccsv5/tools/compiler/msp430_4.2.1/bin/cl430" -vmsp --abi=eabi --include_path="C:/ti/ccsv5/ccs_base/msp430/include" --include_path="C:/ti/ccsv5/tools/compiler/msp430_4.2.1/include" --advice:power=all -g --define=__MSP430G2553__ --diag_warning=225 --display_error_number --diag_wrap=off --printf_support=minimal --preproc_with_compile --preproc_dependency="msp430g2xx3_ta_17.pp"  "../msp430g2xx3_ta_17.c"
"../msp430g2xx3_ta_17.c", line 84: remark #1533-D: (ULP 6.1) Detected use of multiplication on a device that has no hardware multiplier
"../msp430g2xx3_ta_17.c", line 84 (col. 21): remark #1531-D: (ULP 5.2) Detected floating point operation(s). Recommend moving them to RAM during run time or not using as these are processing/power intensive
'Finished building: ../msp430g2xx3_ta_17.c'
' '
'Building target: msp430g2xx3_ta_17.out'
'Invoking: MSP430 Linker'
"C:/ti/ccsv5/tools/compiler/msp430_4.2.1/bin/cl430" -vmsp --abi=eabi --advice:power=all -g --define=__MSP430G2553__ --diag_warning=225 --display_error_number --diag_wrap=off --printf_support=minimal -z -m"msp430g2xx3_ta_17.map" --heap_size=80 --stack_size=80 -i"C:/ti/ccsv5/ccs_base/msp430/include" -i"C:/ti/ccsv5/tools/compiler/msp430_4.2.1/lib" -i"C:/ti/ccsv5/tools/compiler/msp430_4.2.1/include" --reread_libs --warn_sections --display_error_number --diag_wrap=off --xml_link_info="msp430g2xx3_ta_17_linkInfo.xml" --rom_model -o "msp430g2xx3_ta_17.out"  "./msp430g2xx3_ta_17.obj" "../lnk_msp430g2553.cmd" -l"libc.a" 
<Linking>
remark #10371-D: (ULP 1.1) Detected no uses of low power mode state changes using LPMx or _bis_SR_register() or __low_power_mode_x() in this project.
remark #10372-D: (ULP 4.1) Detected uninitialized Port 2 in this project. Recommend initializing all unused ports to eliminate wasted current consumption on unused pins.
remark #10372-D: (ULP 4.1) Detected uninitialized Port 3 in this project. Recommend initializing all unused ports to eliminate wasted current consumption on unused pins.
'Finished building target: msp430g2xx3_ta_17.out'
' '

**** Build Finished ****

**** Build of configuration Debug for project msp430g2xx3_ta_17 ****

"C:\\ti\\ccsv5\\utils\\bin\\gmake" -k all 
'Building file: ../msp430g2xx3_ta_17.c'
'Invoking: MSP430 Compiler'
"C:/ti/ccsv5/tools/compiler/msp430_4.2.1/bin/cl430" -vmsp --abi=eabi --include_path="C:/ti/ccsv5/ccs_base/msp430/include" --include_path="C:/ti/ccsv5/tools/compiler/msp430_4.2.1/include" --advice:power=all -g --define=__MSP430G2553__ --diag_warning=225 --display_error_number --diag_wrap=off --printf_support=minimal --preproc_with_compile --preproc_dependency="msp430g2xx3_ta_17.pp"  "../msp430g2xx3_ta_17.c"
"../msp430g2xx3_ta_17.c", line 84: remark #1533-D: (ULP 6.1) Detected use of multiplication on a device that has no hardware multiplier
"../msp430g2xx3_ta_17.c", line 84 (col. 21): remark #1531-D: (ULP 5.2) Detected floating point operation(s). Recommend moving them to RAM during run time or not using as these are processing/power intensive
'Finished building: ../msp430g2xx3_ta_17.c'
' '
'Building target: msp430g2xx3_ta_17.out'
'Invoking: MSP430 Linker'
"C:/ti/ccsv5/tools/compiler/msp430_4.2.1/bin/cl430" -vmsp --abi=eabi --advice:power=all -g --define=__MSP430G2553__ --diag_warning=225 --display_error_number --diag_wrap=off --printf_support=minimal -z -m"msp430g2xx3_ta_17.map" --heap_size=80 --stack_size=80 -i"C:/ti/ccsv5/ccs_base/msp430/include" -i"C:/ti/ccsv5/tools/compiler/msp430_4.2.1/lib" -i"C:/ti/ccsv5/tools/compiler/msp430_4.2.1/include" --reread_libs --warn_sections --display_error_number --diag_wrap=off --xml_link_info="msp430g2xx3_ta_17_linkInfo.xml" --rom_model -o "msp430g2xx3_ta_17.out"  "./msp430g2xx3_ta_17.obj" "../lnk_msp430g2553.cmd" -l"libc.a" 
<Linking>
remark #10371-D: (ULP 1.1) Detected no uses of low power mode state changes using LPMx or _bis_SR_register() or __low_power_mode_x() in this project.
remark #10372-D: (ULP 4.1) Detected uninitialized Port 2 in this project. Recommend initializing all unused ports to eliminate wasted current consumption on unused pins.
remark #10372-D: (ULP 4.1) Detected uninitialized Port 3 in this project. Recommend initializing all unused ports to eliminate wasted current consumption on unused pins.
'Finished building target: msp430g2xx3_ta_17.out'
' '

**** Build Finished ****

**** Build of configuration Debug for project msp430g2xx3_ta_17 ****

"C:\\ti\\ccsv5\\utils\\bin\\gmake" -k all 
'Building file: ../msp430g2xx3_ta_17.c'
'Invoking: MSP430 Compiler'
"C:/ti/ccsv5/tools/compiler/msp430_4.2.1/bin/cl430" -vmsp --abi=eabi --include_path="C:/ti/ccsv5/ccs_base/msp430/include" --include_path="C:/ti/ccsv5/tools/compiler/msp430_4.2.1/include" --advice:power=all -g --define=__MSP430G2553__ --diag_warning=225 --display_error_number --diag_wrap=off --printf_support=minimal --preproc_with_compile --preproc_dependency="msp430g2xx3_ta_17.pp"  "../msp430g2xx3_ta_17.c"
"../msp430g2xx3_ta_17.c", line 84: remark #1533-D: (ULP 6.1) Detected use of multiplication on a device that has no hardware multiplier
"../msp430g2xx3_ta_17.c", line 84 (col. 21): remark #1531-D: (ULP 5.2) Detected floating point operation(s). Recommend moving them to RAM during run time or not using as these are processing/power intensive
'Finished building: ../msp430g2xx3_ta_17.c'
' '
'Building target: msp430g2xx3_ta_17.out'
'Invoking: MSP430 Linker'
"C:/ti/ccsv5/tools/compiler/msp430_4.2.1/bin/cl430" -vmsp --abi=eabi --advice:power=all -g --define=__MSP430G2553__ --diag_warning=225 --display_error_number --diag_wrap=off --printf_support=minimal -z -m"msp430g2xx3_ta_17.map" --heap_size=80 --stack_size=80 -i"C:/ti/ccsv5/ccs_base/msp430/include" -i"C:/ti/ccsv5/tools/compiler/msp430_4.2.1/lib" -i"C:/ti/ccsv5/tools/compiler/msp430_4.2.1/include" --reread_libs --warn_sections --display_error_number --diag_wrap=off --xml_link_info="msp430g2xx3_ta_17_linkInfo.xml" --rom_model -o "msp430g2xx3_ta_17.out"  "./msp430g2xx3_ta_17.obj" "../lnk_msp430g2553.cmd" -l"libc.a" 
<Linking>
remark #10371-D: (ULP 1.1) Detected no uses of low power mode state changes using LPMx or _bis_SR_register() or __low_power_mode_x() in this project.
remark #10372-D: (ULP 4.1) Detected uninitialized Port 2 in this project. Recommend initializing all unused ports to eliminate wasted current consumption on unused pins.
remark #10372-D: (ULP 4.1) Detected uninitialized Port 3 in this project. Recommend initializing all unused ports to eliminate wasted current consumption on unused pins.
'Finished building target: msp430g2xx3_ta_17.out'
' '

**** Build Finished ****

**** Build of configuration Debug for project msp430g2xx3_ta_17 ****

"C:\\ti\\ccsv5\\utils\\bin\\gmake" -k all 
'Building file: ../msp430g2xx3_ta_17.c'
'Invoking: MSP430 Compiler'
"C:/ti/ccsv5/tools/compiler/msp430_4.2.1/bin/cl430" -vmsp --abi=eabi --include_path="C:/ti/ccsv5/ccs_base/msp430/include" --include_path="C:/ti/ccsv5/tools/compiler/msp430_4.2.1/include" --advice:power=all -g --define=__MSP430G2553__ --diag_warning=225 --display_error_number --diag_wrap=off --printf_support=minimal --preproc_with_compile --preproc_dependency="msp430g2xx3_ta_17.pp"  "../msp430g2xx3_ta_17.c"
"../msp430g2xx3_ta_17.c", line 84: remark #1533-D: (ULP 6.1) Detected use of multiplication on a device that has no hardware multiplier
"../msp430g2xx3_ta_17.c", line 84 (col. 21): remark #1531-D: (ULP 5.2) Detected floating point operation(s). Recommend moving them to RAM during run time or not using as these are processing/power intensive
'Finished building: ../msp430g2xx3_ta_17.c'
' '
'Building target: msp430g2xx3_ta_17.out'
'Invoking: MSP430 Linker'
"C:/ti/ccsv5/tools/compiler/msp430_4.2.1/bin/cl430" -vmsp --abi=eabi --advice:power=all -g --define=__MSP430G2553__ --diag_warning=225 --display_error_number --diag_wrap=off --printf_support=minimal -z -m"msp430g2xx3_ta_17.map" --heap_size=80 --stack_size=80 -i"C:/ti/ccsv5/ccs_base/msp430/include" -i"C:/ti/ccsv5/tools/compiler/msp430_4.2.1/lib" -i"C:/ti/ccsv5/tools/compiler/msp430_4.2.1/include" --reread_libs --warn_sections --display_error_number --diag_wrap=off --xml_link_info="msp430g2xx3_ta_17_linkInfo.xml" --rom_model -o "msp430g2xx3_ta_17.out"  "./msp430g2xx3_ta_17.obj" "../lnk_msp430g2553.cmd" -l"libc.a" 
<Linking>
remark #10371-D: (ULP 1.1) Detected no uses of low power mode state changes using LPMx or _bis_SR_register() or __low_power_mode_x() in this project.
remark #10372-D: (ULP 4.1) Detected uninitialized Port 2 in this project. Recommend initializing all unused ports to eliminate wasted current consumption on unused pins.
remark #10372-D: (ULP 4.1) Detected uninitialized Port 3 in this project. Recommend initializing all unused ports to eliminate wasted current consumption on unused pins.
'Finished building target: msp430g2xx3_ta_17.out'
' '

**** Build Finished ****

**** Build of configuration Debug for project msp430g2xx3_ta_17 ****

"C:\\ti\\ccsv5\\utils\\bin\\gmake" -k all 
'Building file: ../msp430g2xx3_ta_17.c'
'Invoking: MSP430 Compiler'
"C:/ti/ccsv5/tools/compiler/msp430_4.2.1/bin/cl430" -vmsp --abi=eabi --include_path="C:/ti/ccsv5/ccs_base/msp430/include" --include_path="C:/ti/ccsv5/tools/compiler/msp430_4.2.1/include" --advice:power=all -g --define=__MSP430G2553__ --diag_warning=225 --display_error_number --diag_wrap=off --printf_support=minimal --preproc_with_compile --preproc_dependency="msp430g2xx3_ta_17.pp"  "../msp430g2xx3_ta_17.c"
"../msp430g2xx3_ta_17.c", line 84: remark #1533-D: (ULP 6.1) Detected use of multiplication on a device that has no hardware multiplier
"../msp430g2xx3_ta_17.c", line 84 (col. 21): remark #1531-D: (ULP 5.2) Detected floating point operation(s). Recommend moving them to RAM during run time or not using as these are processing/power intensive
'Finished building: ../msp430g2xx3_ta_17.c'
' '
'Building target: msp430g2xx3_ta_17.out'
'Invoking: MSP430 Linker'
"C:/ti/ccsv5/tools/compiler/msp430_4.2.1/bin/cl430" -vmsp --abi=eabi --advice:power=all -g --define=__MSP430G2553__ --diag_warning=225 --display_error_number --diag_wrap=off --printf_support=minimal -z -m"msp430g2xx3_ta_17.map" --heap_size=80 --stack_size=80 -i"C:/ti/ccsv5/ccs_base/msp430/include" -i"C:/ti/ccsv5/tools/compiler/msp430_4.2.1/lib" -i"C:/ti/ccsv5/tools/compiler/msp430_4.2.1/include" --reread_libs --warn_sections --display_error_number --diag_wrap=off --xml_link_info="msp430g2xx3_ta_17_linkInfo.xml" --rom_model -o "msp430g2xx3_ta_17.out"  "./msp430g2xx3_ta_17.obj" "../lnk_msp430g2553.cmd" -l"libc.a" 
<Linking>
remark #10371-D: (ULP 1.1) Detected no uses of low power mode state changes using LPMx or _bis_SR_register() or __low_power_mode_x() in this project.
remark #10372-D: (ULP 4.1) Detected uninitialized Port 2 in this project. Recommend initializing all unused ports to eliminate wasted current consumption on unused pins.
remark #10372-D: (ULP 4.1) Detected uninitialized Port 3 in this project. Recommend initializing all unused ports to eliminate wasted current consumption on unused pins.
'Finished building target: msp430g2xx3_ta_17.out'
' '

**** Build Finished ****

**** Build of configuration Debug for project msp430g2xx3_ta_17 ****

"C:\\ti\\ccsv5\\utils\\bin\\gmake" -k all 
'Building file: ../msp430g2xx3_ta_17.c'
'Invoking: MSP430 Compiler'
"C:/ti/ccsv5/tools/compiler/msp430_4.2.1/bin/cl430" -vmsp --abi=eabi --include_path="C:/ti/ccsv5/ccs_base/msp430/include" --include_path="C:/ti/ccsv5/tools/compiler/msp430_4.2.1/include" --advice:power=all -g --define=__MSP430G2553__ --diag_warning=225 --display_error_number --diag_wrap=off --printf_support=minimal --preproc_with_compile --preproc_dependency="msp430g2xx3_ta_17.pp"  "../msp430g2xx3_ta_17.c"
"../msp430g2xx3_ta_17.c", line 84: remark #1533-D: (ULP 6.1) Detected use of multiplication on a device that has no hardware multiplier
"../msp430g2xx3_ta_17.c", line 84 (col. 21): remark #1531-D: (ULP 5.2) Detected floating point operation(s). Recommend moving them to RAM during run time or not using as these are processing/power intensive
'Finished building: ../msp430g2xx3_ta_17.c'
' '
'Building target: msp430g2xx3_ta_17.out'
'Invoking: MSP430 Linker'
"C:/ti/ccsv5/tools/compiler/msp430_4.2.1/bin/cl430" -vmsp --abi=eabi --advice:power=all -g --define=__MSP430G2553__ --diag_warning=225 --display_error_number --diag_wrap=off --printf_support=minimal -z -m"msp430g2xx3_ta_17.map" --heap_size=80 --stack_size=80 -i"C:/ti/ccsv5/ccs_base/msp430/include" -i"C:/ti/ccsv5/tools/compiler/msp430_4.2.1/lib" -i"C:/ti/ccsv5/tools/compiler/msp430_4.2.1/include" --reread_libs --warn_sections --display_error_number --diag_wrap=off --xml_link_info="msp430g2xx3_ta_17_linkInfo.xml" --rom_model -o "msp430g2xx3_ta_17.out"  "./msp430g2xx3_ta_17.obj" "../lnk_msp430g2553.cmd" -l"libc.a" 
<Linking>
remark #10371-D: (ULP 1.1) Detected no uses of low power mode state changes using LPMx or _bis_SR_register() or __low_power_mode_x() in this project.
remark #10372-D: (ULP 4.1) Detected uninitialized Port 2 in this project. Recommend initializing all unused ports to eliminate wasted current consumption on unused pins.
remark #10372-D: (ULP 4.1) Detected uninitialized Port 3 in this project. Recommend initializing all unused ports to eliminate wasted current consumption on unused pins.
'Finished building target: msp430g2xx3_ta_17.out'
' '

**** Build Finished ****

**** Build of configuration Debug for project msp430g2xx3_ta_17 ****

"C:\\ti\\ccsv5\\utils\\bin\\gmake" -k all 
'Building file: ../msp430g2xx3_ta_17.c'
'Invoking: MSP430 Compiler'
"C:/ti/ccsv5/tools/compiler/msp430_4.2.1/bin/cl430" -vmsp --abi=eabi --include_path="C:/ti/ccsv5/ccs_base/msp430/include" --include_path="C:/ti/ccsv5/tools/compiler/msp430_4.2.1/include" --advice:power=all -g --define=__MSP430G2553__ --diag_warning=225 --display_error_number --diag_wrap=off --printf_support=minimal --preproc_with_compile --preproc_dependency="msp430g2xx3_ta_17.pp"  "../msp430g2xx3_ta_17.c"
"../msp430g2xx3_ta_17.c", line 76: warning #179-D: variable "cnt" was declared but never referenced
"../msp430g2xx3_ta_17.c", line 84: remark #1533-D: (ULP 6.1) Detected use of multiplication on a device that has no hardware multiplier
"../msp430g2xx3_ta_17.c", line 76: remark #1535-D: (ULP 8.1) variable "cnt" is used as a constant. Recommend declaring variable as either 'static const' or 'const'
"../msp430g2xx3_ta_17.c", line 84 (col. 21): remark #1531-D: (ULP 5.2) Detected floating point operation(s). Recommend moving them to RAM during run time or not using as these are processing/power intensive
'Finished building: ../msp430g2xx3_ta_17.c'
' '
'Building target: msp430g2xx3_ta_17.out'
'Invoking: MSP430 Linker'
"C:/ti/ccsv5/tools/compiler/msp430_4.2.1/bin/cl430" -vmsp --abi=eabi --advice:power=all -g --define=__MSP430G2553__ --diag_warning=225 --display_error_number --diag_wrap=off --printf_support=minimal -z -m"msp430g2xx3_ta_17.map" --heap_size=80 --stack_size=80 -i"C:/ti/ccsv5/ccs_base/msp430/include" -i"C:/ti/ccsv5/tools/compiler/msp430_4.2.1/lib" -i"C:/ti/ccsv5/tools/compiler/msp430_4.2.1/include" --reread_libs --warn_sections --display_error_number --diag_wrap=off --xml_link_info="msp430g2xx3_ta_17_linkInfo.xml" --rom_model -o "msp430g2xx3_ta_17.out"  "./msp430g2xx3_ta_17.obj" "../lnk_msp430g2553.cmd" -l"libc.a" 
<Linking>
remark #10372-D: (ULP 4.1) Detected uninitialized Port 2 in this project. Recommend initializing all unused ports to eliminate wasted current consumption on unused pins.
remark #10372-D: (ULP 4.1) Detected uninitialized Port 3 in this project. Recommend initializing all unused ports to eliminate wasted current consumption on unused pins.
'Finished building target: msp430g2xx3_ta_17.out'
' '

**** Build Finished ****

**** Build of configuration Debug for project msp430g2xx3_ta_17 ****

"C:\\ti\\ccsv5\\utils\\bin\\gmake" -k all 
'Building file: ../msp430g2xx3_ta_17.c'
'Invoking: MSP430 Compiler'
"C:/ti/ccsv5/tools/compiler/msp430_4.2.1/bin/cl430" -vmsp --abi=eabi --include_path="C:/ti/ccsv5/ccs_base/msp430/include" --include_path="C:/ti/ccsv5/tools/compiler/msp430_4.2.1/include" --advice:power=all -g --define=__MSP430G2553__ --diag_warning=225 --display_error_number --diag_wrap=off --printf_support=minimal --preproc_with_compile --preproc_dependency="msp430g2xx3_ta_17.pp"  "../msp430g2xx3_ta_17.c"
"../msp430g2xx3_ta_17.c", line 83: remark #1533-D: (ULP 6.1) Detected use of multiplication on a device that has no hardware multiplier
"../msp430g2xx3_ta_17.c", line 83 (col. 21): remark #1531-D: (ULP 5.2) Detected floating point operation(s). Recommend moving them to RAM during run time or not using as these are processing/power intensive
'Finished building: ../msp430g2xx3_ta_17.c'
' '
'Building target: msp430g2xx3_ta_17.out'
'Invoking: MSP430 Linker'
"C:/ti/ccsv5/tools/compiler/msp430_4.2.1/bin/cl430" -vmsp --abi=eabi --advice:power=all -g --define=__MSP430G2553__ --diag_warning=225 --display_error_number --diag_wrap=off --printf_support=minimal -z -m"msp430g2xx3_ta_17.map" --heap_size=80 --stack_size=80 -i"C:/ti/ccsv5/ccs_base/msp430/include" -i"C:/ti/ccsv5/tools/compiler/msp430_4.2.1/lib" -i"C:/ti/ccsv5/tools/compiler/msp430_4.2.1/include" --reread_libs --warn_sections --display_error_number --diag_wrap=off --xml_link_info="msp430g2xx3_ta_17_linkInfo.xml" --rom_model -o "msp430g2xx3_ta_17.out"  "./msp430g2xx3_ta_17.obj" "../lnk_msp430g2553.cmd" -l"libc.a" 
<Linking>
remark #10372-D: (ULP 4.1) Detected uninitialized Port 2 in this project. Recommend initializing all unused ports to eliminate wasted current consumption on unused pins.
remark #10372-D: (ULP 4.1) Detected uninitialized Port 3 in this project. Recommend initializing all unused ports to eliminate wasted current consumption on unused pins.
'Finished building target: msp430g2xx3_ta_17.out'
' '

**** Build Finished ****

**** Build of configuration Debug for project msp430g2xx3_ta_17 ****

"C:\\ti\\ccsv5\\utils\\bin\\gmake" -k all 
'Building file: ../msp430g2xx3_ta_17.c'
'Invoking: MSP430 Compiler'
"C:/ti/ccsv5/tools/compiler/msp430_4.2.1/bin/cl430" -vmsp --abi=eabi --include_path="C:/ti/ccsv5/ccs_base/msp430/include" --include_path="C:/ti/ccsv5/tools/compiler/msp430_4.2.1/include" --advice:power=all -g --define=__MSP430G2553__ --diag_warning=225 --display_error_number --diag_wrap=off --printf_support=minimal --preproc_with_compile --preproc_dependency="msp430g2xx3_ta_17.pp"  "../msp430g2xx3_ta_17.c"
"../msp430g2xx3_ta_17.c", line 103: error #20: identifier "TA0CTL" is undefined
"../msp430g2xx3_ta_17.c", line 106: error #20: identifier "P1DIR" is undefined
"../msp430g2xx3_ta_17.c", line 106: error #20: identifier "BIT2" is undefined
"../msp430g2xx3_ta_17.c", line 107: error #20: identifier "P1SEL" is undefined
"../msp430g2xx3_ta_17.c", line 110: error #20: identifier "TASSEL_2" is undefined
"../msp430g2xx3_ta_17.c", line 110: error #20: identifier "MC_1" is undefined
"../msp430g2xx3_ta_17.c", line 110: error #20: identifier "ID_3" is undefined
"../msp430g2xx3_ta_17.c", line 114: error #20: identifier "TA0CCR0" is undefined
"../msp430g2xx3_ta_17.c", line 117: error #20: identifier "TA0CCR1" is undefined
"../msp430g2xx3_ta_17.c", line 120: error #20: identifier "TA0CCTL1" is undefined
"../msp430g2xx3_ta_17.c", line 120: error #20: identifier "OUTMOD_7" is undefined

"../msp430g2xx3_ta_17.c", line 124: error #20: identifier "WDTCTL" is undefined
"../msp430g2xx3_ta_17.c", line 124: error #20: identifier "WDTPW" is undefined
"../msp430g2xx3_ta_17.c", line 124: error #20: identifier "WDTHOLD" is undefined
"../msp430g2xx3_ta_17.c", line 127: error #20: identifier "BCSCTL1" is undefined
>> Compilation failure
"../msp430g2xx3_ta_17.c", line 127: error #20: identifier "CALBC1_1MHZ" is undefined
"../msp430g2xx3_ta_17.c", line 128: error #20: identifier "DCOCTL" is undefined
"../msp430g2xx3_ta_17.c", line 128: error #20: identifier "CALDCO_1MHZ" is undefined
"../msp430g2xx3_ta_17.c", line 134: error #20: identifier "CPUOFF" is undefined
"../msp430g2xx3_ta_17.c", line 134: error #20: identifier "GIE" is undefined
20 errors detected in the compilation of "../msp430g2xx3_ta_17.c".
gmake: *** [msp430g2xx3_ta_17.obj] Error 1
gmake: Target `all' not remade because of errors.

**** Build Finished ****

**** Build of configuration Debug for project msp430g2xx3_ta_17 ****

"C:\\ti\\ccsv5\\utils\\bin\\gmake" -k all 
'Building file: ../msp430g2xx3_ta_17.c'
'Invoking: MSP430 Compiler'
"C:/ti/ccsv5/tools/compiler/msp430_4.2.1/bin/cl430" -vmsp --abi=eabi --include_path="C:/ti/ccsv5/ccs_base/msp430/include" --include_path="C:/ti/ccsv5/tools/compiler/msp430_4.2.1/include" --advice:power=all -g --define=__MSP430G2553__ --diag_warning=225 --display_error_number --diag_wrap=off --printf_support=minimal --preproc_with_compile --preproc_dependency="msp430g2xx3_ta_17.pp"  "../msp430g2xx3_ta_17.c"
"../msp430g2xx3_ta_17.c", line 117: remark #1530-D: (ULP 5.1) Detected divide operation(s). Recommend moving them to RAM during run time or not using as these are processing/power intensive
'Finished building: ../msp430g2xx3_ta_17.c'
' '
'Building target: msp430g2xx3_ta_17.out'
'Invoking: MSP430 Linker'
"C:/ti/ccsv5/tools/compiler/msp430_4.2.1/bin/cl430" -vmsp --abi=eabi --advice:power=all -g --define=__MSP430G2553__ --diag_warning=225 --display_error_number --diag_wrap=off --printf_support=minimal -z -m"msp430g2xx3_ta_17.map" --heap_size=80 --stack_size=80 -i"C:/ti/ccsv5/ccs_base/msp430/include" -i"C:/ti/ccsv5/tools/compiler/msp430_4.2.1/lib" -i"C:/ti/ccsv5/tools/compiler/msp430_4.2.1/include" --reread_libs --warn_sections --display_error_number --diag_wrap=off --xml_link_info="msp430g2xx3_ta_17_linkInfo.xml" --rom_model -o "msp430g2xx3_ta_17.out"  "./msp430g2xx3_ta_17.obj" "../lnk_msp430g2553.cmd" -l"libc.a" 
<Linking>
remark #10372-D: (ULP 4.1) Detected uninitialized Port 2 in this project. Recommend initializing all unused ports to eliminate wasted current consumption on unused pins.
remark #10372-D: (ULP 4.1) Detected uninitialized Port 3 in this project. Recommend initializing all unused ports to eliminate wasted current consumption on unused pins.
'Finished building target: msp430g2xx3_ta_17.out'
' '

**** Build Finished ****

**** Build of configuration Debug for project msp430g2xx3_ta_17 ****

"C:\\ti\\ccsv5\\utils\\bin\\gmake" -k all 
'Building file: ../msp430g2xx3_ta_17.c'
'Invoking: MSP430 Compiler'
"C:/ti/ccsv5/tools/compiler/msp430_4.2.1/bin/cl430" -vmsp --abi=eabi --include_path="C:/ti/ccsv5/ccs_base/msp430/include" --include_path="C:/ti/ccsv5/tools/compiler/msp430_4.2.1/include" --advice:power=all -g --define=__MSP430G2553__ --diag_warning=225 --display_error_number --diag_wrap=off --printf_support=minimal --preproc_with_compile --preproc_dependency="msp430g2xx3_ta_17.pp"  "../msp430g2xx3_ta_17.c"
"../msp430g2xx3_ta_17.c", line 83: remark #1533-D: (ULP 6.1) Detected use of multiplication on a device that has no hardware multiplier
"../msp430g2xx3_ta_17.c", line 83 (col. 21): remark #1531-D: (ULP 5.2) Detected floating point operation(s). Recommend moving them to RAM during run time or not using as these are processing/power intensive
'Finished building: ../msp430g2xx3_ta_17.c'
' '
'Building target: msp430g2xx3_ta_17.out'
'Invoking: MSP430 Linker'
"C:/ti/ccsv5/tools/compiler/msp430_4.2.1/bin/cl430" -vmsp --abi=eabi --advice:power=all -g --define=__MSP430G2553__ --diag_warning=225 --display_error_number --diag_wrap=off --printf_support=minimal -z -m"msp430g2xx3_ta_17.map" --heap_size=80 --stack_size=80 -i"C:/ti/ccsv5/ccs_base/msp430/include" -i"C:/ti/ccsv5/tools/compiler/msp430_4.2.1/lib" -i"C:/ti/ccsv5/tools/compiler/msp430_4.2.1/include" --reread_libs --warn_sections --display_error_number --diag_wrap=off --xml_link_info="msp430g2xx3_ta_17_linkInfo.xml" --rom_model -o "msp430g2xx3_ta_17.out"  "./msp430g2xx3_ta_17.obj" "../lnk_msp430g2553.cmd" -l"libc.a" 
<Linking>
remark #10372-D: (ULP 4.1) Detected uninitialized Port 2 in this project. Recommend initializing all unused ports to eliminate wasted current consumption on unused pins.
remark #10372-D: (ULP 4.1) Detected uninitialized Port 3 in this project. Recommend initializing all unused ports to eliminate wasted current consumption on unused pins.
'Finished building target: msp430g2xx3_ta_17.out'
' '

**** Build Finished ****

**** Build of configuration Debug for project msp430g2xx3_ta_17 ****

"C:\\ti\\ccsv5\\utils\\bin\\gmake" -k all 
'Building file: ../msp430g2xx3_ta_17.c'
'Invoking: MSP430 Compiler'
"C:/ti/ccsv5/tools/compiler/msp430_4.2.1/bin/cl430" -vmsp --abi=eabi --include_path="C:/ti/ccsv5/ccs_base/msp430/include" --include_path="C:/ti/ccsv5/tools/compiler/msp430_4.2.1/include" --advice:power=all -g --define=__MSP430G2553__ --diag_warning=225 --display_error_number --diag_wrap=off --printf_support=minimal --preproc_with_compile --preproc_dependency="msp430g2xx3_ta_17.pp"  "../msp430g2xx3_ta_17.c"
"../msp430g2xx3_ta_17.c", line 83: remark #1533-D: (ULP 6.1) Detected use of multiplication on a device that has no hardware multiplier
"../msp430g2xx3_ta_17.c", line 83 (col. 21): remark #1531-D: (ULP 5.2) Detected floating point operation(s). Recommend moving them to RAM during run time or not using as these are processing/power intensive
'Finished building: ../msp430g2xx3_ta_17.c'
' '
'Building target: msp430g2xx3_ta_17.out'
'Invoking: MSP430 Linker'
"C:/ti/ccsv5/tools/compiler/msp430_4.2.1/bin/cl430" -vmsp --abi=eabi --advice:power=all -g --define=__MSP430G2553__ --diag_warning=225 --display_error_number --diag_wrap=off --printf_support=minimal -z -m"msp430g2xx3_ta_17.map" --heap_size=80 --stack_size=80 -i"C:/ti/ccsv5/ccs_base/msp430/include" -i"C:/ti/ccsv5/tools/compiler/msp430_4.2.1/lib" -i"C:/ti/ccsv5/tools/compiler/msp430_4.2.1/include" --reread_libs --warn_sections --display_error_number --diag_wrap=off --xml_link_info="msp430g2xx3_ta_17_linkInfo.xml" --rom_model -o "msp430g2xx3_ta_17.out"  "./msp430g2xx3_ta_17.obj" "../lnk_msp430g2553.cmd" -l"libc.a" 
<Linking>
remark #10372-D: (ULP 4.1) Detected uninitialized Port 2 in this project. Recommend initializing all unused ports to eliminate wasted current consumption on unused pins.
remark #10372-D: (ULP 4.1) Detected uninitialized Port 3 in this project. Recommend initializing all unused ports to eliminate wasted current consumption on unused pins.
'Finished building target: msp430g2xx3_ta_17.out'
' '

**** Build Finished ****

**** Build of configuration Debug for project msp430g2xx3_ta_17 ****

"C:\\ti\\ccsv5\\utils\\bin\\gmake" -k all 
'Building file: ../msp430g2xx3_ta_17.c'
'Invoking: MSP430 Compiler'
"C:/ti/ccsv5/tools/compiler/msp430_4.2.1/bin/cl430" -vmsp --abi=eabi --include_path="C:/ti/ccsv5/ccs_base/msp430/include" --include_path="C:/ti/ccsv5/tools/compiler/msp430_4.2.1/include" --advice:power=all -g --define=__MSP430G2553__ --diag_warning=225 --display_error_number --diag_wrap=off --printf_support=minimal --preproc_with_compile --preproc_dependency="msp430g2xx3_ta_17.pp"  "../msp430g2xx3_ta_17.c"
"../msp430g2xx3_ta_17.c", line 83: remark #1530-D: (ULP 5.1) Detected divide operation(s). Recommend moving them to RAM during run time or not using as these are processing/power intensive
'Finished building: ../msp430g2xx3_ta_17.c'
' '
'Building target: msp430g2xx3_ta_17.out'
'Invoking: MSP430 Linker'
"C:/ti/ccsv5/tools/compiler/msp430_4.2.1/bin/cl430" -vmsp --abi=eabi --advice:power=all -g --define=__MSP430G2553__ --diag_warning=225 --display_error_number --diag_wrap=off --printf_support=minimal -z -m"msp430g2xx3_ta_17.map" --heap_size=80 --stack_size=80 -i"C:/ti/ccsv5/ccs_base/msp430/include" -i"C:/ti/ccsv5/tools/compiler/msp430_4.2.1/lib" -i"C:/ti/ccsv5/tools/compiler/msp430_4.2.1/include" --reread_libs --warn_sections --display_error_number --diag_wrap=off --xml_link_info="msp430g2xx3_ta_17_linkInfo.xml" --rom_model -o "msp430g2xx3_ta_17.out"  "./msp430g2xx3_ta_17.obj" "../lnk_msp430g2553.cmd" -l"libc.a" 
<Linking>
remark #10372-D: (ULP 4.1) Detected uninitialized Port 2 in this project. Recommend initializing all unused ports to eliminate wasted current consumption on unused pins.
remark #10372-D: (ULP 4.1) Detected uninitialized Port 3 in this project. Recommend initializing all unused ports to eliminate wasted current consumption on unused pins.
'Finished building target: msp430g2xx3_ta_17.out'
' '

**** Build Finished ****

**** Build of configuration Debug for project msp430g2xx3_ta_17 ****

"C:\\ti\\ccsv5\\utils\\bin\\gmake" -k all 
'Building file: ../msp430g2xx3_ta_17.c'
'Invoking: MSP430 Compiler'
"C:/ti/ccsv5/tools/compiler/msp430_4.2.1/bin/cl430" -vmsp --abi=eabi --include_path="C:/ti/ccsv5/ccs_base/msp430/include" --include_path="C:/ti/ccsv5/tools/compiler/msp430_4.2.1/include" --advice:power=all -g --define=__MSP430G2553__ --diag_warning=225 --display_error_number --diag_wrap=off --printf_support=minimal --preproc_with_compile --preproc_dependency="msp430g2xx3_ta_17.pp"  "../msp430g2xx3_ta_17.c"
"../msp430g2xx3_ta_17.c", line 83: remark #1530-D: (ULP 5.1) Detected divide operation(s). Recommend moving them to RAM during run time or not using as these are processing/power intensive
'Finished building: ../msp430g2xx3_ta_17.c'
' '
'Building target: msp430g2xx3_ta_17.out'
'Invoking: MSP430 Linker'
"C:/ti/ccsv5/tools/compiler/msp430_4.2.1/bin/cl430" -vmsp --abi=eabi --advice:power=all -g --define=__MSP430G2553__ --diag_warning=225 --display_error_number --diag_wrap=off --printf_support=minimal -z -m"msp430g2xx3_ta_17.map" --heap_size=80 --stack_size=80 -i"C:/ti/ccsv5/ccs_base/msp430/include" -i"C:/ti/ccsv5/tools/compiler/msp430_4.2.1/lib" -i"C:/ti/ccsv5/tools/compiler/msp430_4.2.1/include" --reread_libs --warn_sections --display_error_number --diag_wrap=off --xml_link_info="msp430g2xx3_ta_17_linkInfo.xml" --rom_model -o "msp430g2xx3_ta_17.out"  "./msp430g2xx3_ta_17.obj" "../lnk_msp430g2553.cmd" -l"libc.a" 
<Linking>
remark #10372-D: (ULP 4.1) Detected uninitialized Port 2 in this project. Recommend initializing all unused ports to eliminate wasted current consumption on unused pins.
remark #10372-D: (ULP 4.1) Detected uninitialized Port 3 in this project. Recommend initializing all unused ports to eliminate wasted current consumption on unused pins.
'Finished building target: msp430g2xx3_ta_17.out'
' '

**** Build Finished ****

**** Build of configuration Debug for project msp430g2xx3_ta_17 ****

"C:\\ti\\ccsv5\\utils\\bin\\gmake" -k all 
'Building file: ../msp430g2xx3_ta_17.c'
'Invoking: MSP430 Compiler'
"C:/ti/ccsv5/tools/compiler/msp430_4.2.1/bin/cl430" -vmsp --abi=eabi --include_path="C:/ti/ccsv5/ccs_base/msp430/include" --include_path="C:/ti/ccsv5/tools/compiler/msp430_4.2.1/include" --advice:power=all -g --define=__MSP430G2553__ --diag_warning=225 --display_error_number --diag_wrap=off --printf_support=minimal --preproc_with_compile --preproc_dependency="msp430g2xx3_ta_17.pp"  "../msp430g2xx3_ta_17.c"
"../msp430g2xx3_ta_17.c", line 118: remark #1530-D: (ULP 5.1) Detected divide operation(s). Recommend moving them to RAM during run time or not using as these are processing/power intensive
'Finished building: ../msp430g2xx3_ta_17.c'
' '
'Building target: msp430g2xx3_ta_17.out'
'Invoking: MSP430 Linker'
"C:/ti/ccsv5/tools/compiler/msp430_4.2.1/bin/cl430" -vmsp --abi=eabi --advice:power=all -g --define=__MSP430G2553__ --diag_warning=225 --display_error_number --diag_wrap=off --printf_support=minimal -z -m"msp430g2xx3_ta_17.map" --heap_size=80 --stack_size=80 -i"C:/ti/ccsv5/ccs_base/msp430/include" -i"C:/ti/ccsv5/tools/compiler/msp430_4.2.1/lib" -i"C:/ti/ccsv5/tools/compiler/msp430_4.2.1/include" --reread_libs --warn_sections --display_error_number --diag_wrap=off --xml_link_info="msp430g2xx3_ta_17_linkInfo.xml" --rom_model -o "msp430g2xx3_ta_17.out"  "./msp430g2xx3_ta_17.obj" "../lnk_msp430g2553.cmd" -l"libc.a" 
<Linking>
remark #10372-D: (ULP 4.1) Detected uninitialized Port 2 in this project. Recommend initializing all unused ports to eliminate wasted current consumption on unused pins.
remark #10372-D: (ULP 4.1) Detected uninitialized Port 3 in this project. Recommend initializing all unused ports to eliminate wasted current consumption on unused pins.
'Finished building target: msp430g2xx3_ta_17.out'
' '

**** Build Finished ****

**** Build of configuration Debug for project msp430g2xx3_ta_17 ****

"C:\\ti\\ccsv5\\utils\\bin\\gmake" -k all 
'Building file: ../msp430g2xx3_ta_17.c'
'Invoking: MSP430 Compiler'
"C:/ti/ccsv5/tools/compiler/msp430_4.2.1/bin/cl430" -vmsp --abi=eabi --include_path="C:/ti/ccsv5/ccs_base/msp430/include" --include_path="C:/ti/ccsv5/tools/compiler/msp430_4.2.1/include" --advice:power=all -g --define=__MSP430G2553__ --diag_warning=225 --display_error_number --diag_wrap=off --printf_support=minimal --preproc_with_compile --preproc_dependency="msp430g2xx3_ta_17.pp"  "../msp430g2xx3_ta_17.c"
"../msp430g2xx3_ta_17.c", line 118: remark #1530-D: (ULP 5.1) Detected divide operation(s). Recommend moving them to RAM during run time or not using as these are processing/power intensive
'Finished building: ../msp430g2xx3_ta_17.c'
' '
'Building target: msp430g2xx3_ta_17.out'
'Invoking: MSP430 Linker'
"C:/ti/ccsv5/tools/compiler/msp430_4.2.1/bin/cl430" -vmsp --abi=eabi --advice:power=all -g --define=__MSP430G2553__ --diag_warning=225 --display_error_number --diag_wrap=off --printf_support=minimal -z -m"msp430g2xx3_ta_17.map" --heap_size=80 --stack_size=80 -i"C:/ti/ccsv5/ccs_base/msp430/include" -i"C:/ti/ccsv5/tools/compiler/msp430_4.2.1/lib" -i"C:/ti/ccsv5/tools/compiler/msp430_4.2.1/include" --reread_libs --warn_sections --display_error_number --diag_wrap=off --xml_link_info="msp430g2xx3_ta_17_linkInfo.xml" --rom_model -o "msp430g2xx3_ta_17.out"  "./msp430g2xx3_ta_17.obj" "../lnk_msp430g2553.cmd" -l"libc.a" 
<Linking>
remark #10372-D: (ULP 4.1) Detected uninitialized Port 1 in this project. Recommend initializing all unused ports to eliminate wasted current consumption on unused pins.
remark #10372-D: (ULP 4.1) Detected uninitialized Port 3 in this project. Recommend initializing all unused ports to eliminate wasted current consumption on unused pins.
'Finished building target: msp430g2xx3_ta_17.out'
' '

**** Build Finished ****

**** Build of configuration Debug for project msp430g2xx3_ta_17 ****

"C:\\ti\\ccsv5\\utils\\bin\\gmake" -k all 
'Building file: ../msp430g2xx3_ta_17.c'
'Invoking: MSP430 Compiler'
"C:/ti/ccsv5/tools/compiler/msp430_4.2.1/bin/cl430" -vmsp --abi=eabi --include_path="C:/ti/ccsv5/ccs_base/msp430/include" --include_path="C:/ti/ccsv5/tools/compiler/msp430_4.2.1/include" --advice:power=all -g --define=__MSP430G2553__ --diag_warning=225 --display_error_number --diag_wrap=off --printf_support=minimal --preproc_with_compile --preproc_dependency="msp430g2xx3_ta_17.pp"  "../msp430g2xx3_ta_17.c"
"../msp430g2xx3_ta_17.c", line 120: remark #1530-D: (ULP 5.1) Detected divide operation(s). Recommend moving them to RAM during run time or not using as these are processing/power intensive
'Finished building: ../msp430g2xx3_ta_17.c'
' '
'Building target: msp430g2xx3_ta_17.out'
'Invoking: MSP430 Linker'
"C:/ti/ccsv5/tools/compiler/msp430_4.2.1/bin/cl430" -vmsp --abi=eabi --advice:power=all -g --define=__MSP430G2553__ --diag_warning=225 --display_error_number --diag_wrap=off --printf_support=minimal -z -m"msp430g2xx3_ta_17.map" --heap_size=80 --stack_size=80 -i"C:/ti/ccsv5/ccs_base/msp430/include" -i"C:/ti/ccsv5/tools/compiler/msp430_4.2.1/lib" -i"C:/ti/ccsv5/tools/compiler/msp430_4.2.1/include" --reread_libs --warn_sections --display_error_number --diag_wrap=off --xml_link_info="msp430g2xx3_ta_17_linkInfo.xml" --rom_model -o "msp430g2xx3_ta_17.out"  "./msp430g2xx3_ta_17.obj" "../lnk_msp430g2553.cmd" -l"libc.a" 
<Linking>
remark #10372-D: (ULP 4.1) Detected uninitialized Port 2 in this project. Recommend initializing all unused ports to eliminate wasted current consumption on unused pins.
remark #10372-D: (ULP 4.1) Detected uninitialized Port 3 in this project. Recommend initializing all unused ports to eliminate wasted current consumption on unused pins.
'Finished building target: msp430g2xx3_ta_17.out'
' '

**** Build Finished ****

**** Build of configuration Debug for project msp430g2xx3_ta_17 ****

"C:\\ti\\ccsv5\\utils\\bin\\gmake" -k all 
'Building file: ../msp430g2xx3_ta_17.c'
'Invoking: MSP430 Compiler'
"C:/ti/ccsv5/tools/compiler/msp430_4.2.1/bin/cl430" -vmsp --abi=eabi --include_path="C:/ti/ccsv5/ccs_base/msp430/include" --include_path="C:/ti/ccsv5/tools/compiler/msp430_4.2.1/include" --advice:power=all -g --define=__MSP430G2553__ --diag_warning=225 --display_error_number --diag_wrap=off --printf_support=minimal --preproc_with_compile --preproc_dependency="msp430g2xx3_ta_17.pp"  "../msp430g2xx3_ta_17.c"
"../msp430g2xx3_ta_17.c", line 120: remark #1530-D: (ULP 5.1) Detected divide operation(s). Recommend moving them to RAM during run time or not using as these are processing/power intensive
'Finished building: ../msp430g2xx3_ta_17.c'
' '
'Building target: msp430g2xx3_ta_17.out'
'Invoking: MSP430 Linker'
"C:/ti/ccsv5/tools/compiler/msp430_4.2.1/bin/cl430" -vmsp --abi=eabi --advice:power=all -g --define=__MSP430G2553__ --diag_warning=225 --display_error_number --diag_wrap=off --printf_support=minimal -z -m"msp430g2xx3_ta_17.map" --heap_size=80 --stack_size=80 -i"C:/ti/ccsv5/ccs_base/msp430/include" -i"C:/ti/ccsv5/tools/compiler/msp430_4.2.1/lib" -i"C:/ti/ccsv5/tools/compiler/msp430_4.2.1/include" --reread_libs --warn_sections --display_error_number --diag_wrap=off --xml_link_info="msp430g2xx3_ta_17_linkInfo.xml" --rom_model -o "msp430g2xx3_ta_17.out"  "./msp430g2xx3_ta_17.obj" "../lnk_msp430g2553.cmd" -l"libc.a" 
<Linking>
remark #10372-D: (ULP 4.1) Detected uninitialized Port 2 in this project. Recommend initializing all unused ports to eliminate wasted current consumption on unused pins.
remark #10372-D: (ULP 4.1) Detected uninitialized Port 3 in this project. Recommend initializing all unused ports to eliminate wasted current consumption on unused pins.
'Finished building target: msp430g2xx3_ta_17.out'
' '

**** Build Finished ****

**** Build of configuration Debug for project msp430g2xx3_ta_17 ****

"C:\\ti\\ccsv5\\utils\\bin\\gmake" -k all 
'Building file: ../msp430g2xx3_ta_17.c'
'Invoking: MSP430 Compiler'
"C:/ti/ccsv5/tools/compiler/msp430_4.2.1/bin/cl430" -vmsp --abi=eabi --include_path="C:/ti/ccsv5/ccs_base/msp430/include" --include_path="C:/ti/ccsv5/tools/compiler/msp430_4.2.1/include" --advice:power=all -g --define=__MSP430G2553__ --diag_warning=225 --display_error_number --diag_wrap=off --printf_support=minimal --preproc_with_compile --preproc_dependency="msp430g2xx3_ta_17.pp"  "../msp430g2xx3_ta_17.c"
"../msp430g2xx3_ta_17.c", line 120: remark #1530-D: (ULP 5.1) Detected divide operation(s). Recommend moving them to RAM during run time or not using as these are processing/power intensive
'Finished building: ../msp430g2xx3_ta_17.c'
' '
'Building target: msp430g2xx3_ta_17.out'
'Invoking: MSP430 Linker'
"C:/ti/ccsv5/tools/compiler/msp430_4.2.1/bin/cl430" -vmsp --abi=eabi --advice:power=all -g --define=__MSP430G2553__ --diag_warning=225 --display_error_number --diag_wrap=off --printf_support=minimal -z -m"msp430g2xx3_ta_17.map" --heap_size=80 --stack_size=80 -i"C:/ti/ccsv5/ccs_base/msp430/include" -i"C:/ti/ccsv5/tools/compiler/msp430_4.2.1/lib" -i"C:/ti/ccsv5/tools/compiler/msp430_4.2.1/include" --reread_libs --warn_sections --display_error_number --diag_wrap=off --xml_link_info="msp430g2xx3_ta_17_linkInfo.xml" --rom_model -o "msp430g2xx3_ta_17.out"  "./msp430g2xx3_ta_17.obj" "../lnk_msp430g2553.cmd" -l"libc.a" 
<Linking>
remark #10372-D: (ULP 4.1) Detected uninitialized Port 2 in this project. Recommend initializing all unused ports to eliminate wasted current consumption on unused pins.
remark #10372-D: (ULP 4.1) Detected uninitialized Port 3 in this project. Recommend initializing all unused ports to eliminate wasted current consumption on unused pins.
'Finished building target: msp430g2xx3_ta_17.out'
' '

**** Build Finished ****

**** Build of configuration Debug for project exam ****

"C:\\ti\\ccsv5\\utils\\bin\\gmake" -k all 
'Building file: ../main.c'
'Invoking: MSP430 Compiler'
"C:/ti/ccsv5/tools/compiler/msp430_4.2.1/bin/cl430" -vmsp --abi=eabi --include_path="C:/ti/ccsv5/ccs_base/msp430/include" --include_path="C:/ti/ccsv5/tools/compiler/msp430_4.2.1/include" --advice:power=all -g --define=__MSP430G2553__ --diag_warning=225 --display_error_number --diag_wrap=off --printf_support=minimal --preproc_with_compile --preproc_dependency="main.pp"  "../main.c"
'Finished building: ../main.c'
' '
'Building target: exam.out'
'Invoking: MSP430 Linker'
"C:/ti/ccsv5/tools/compiler/msp430_4.2.1/bin/cl430" -vmsp --abi=eabi --advice:power=all -g --define=__MSP430G2553__ --diag_warning=225 --display_error_number --diag_wrap=off --printf_support=minimal -z -m"exam.map" --heap_size=80 --stack_size=80 -i"C:/ti/ccsv5/ccs_base/msp430/include" -i"C:/ti/ccsv5/tools/compiler/msp430_4.2.1/lib" -i"C:/ti/ccsv5/tools/compiler/msp430_4.2.1/include" --reread_libs --warn_sections --display_error_number --diag_wrap=off --xml_link_info="exam_linkInfo.xml" --rom_model -o "exam.out"  "./main.obj" "../lnk_msp430g2553.cmd" -l"libc.a" 
<Linking>
remark #10372-D: (ULP 4.1) Detected uninitialized Port 2 in this project. Recommend initializing all unused ports to eliminate wasted current consumption on unused pins.
remark #10372-D: (ULP 4.1) Detected uninitialized Port 3 in this project. Recommend initializing all unused ports to eliminate wasted current consumption on unused pins.
'Finished building target: exam.out'
' '

**** Build Finished ****

**** Build of configuration Debug for project exam ****

"C:\\ti\\ccsv5\\utils\\bin\\gmake" -k all 
'Building file: ../main.c'
'Invoking: MSP430 Compiler'
"C:/ti/ccsv5/tools/compiler/msp430_4.2.1/bin/cl430" -vmsp --abi=eabi --include_path="C:/ti/ccsv5/ccs_base/msp430/include" --include_path="C:/ti/ccsv5/tools/compiler/msp430_4.2.1/include" --advice:power=all -g --define=__MSP430G2553__ --diag_warning=225 --display_error_number --diag_wrap=off --printf_support=minimal --preproc_with_compile --preproc_dependency="main.pp"  "../main.c"
"../main.c", line 26: warning #112-D: statement is unreachable
'Finished building: ../main.c'
' '
'Building target: exam.out'
'Invoking: MSP430 Linker'
"C:/ti/ccsv5/tools/compiler/msp430_4.2.1/bin/cl430" -vmsp --abi=eabi --advice:power=all -g --define=__MSP430G2553__ --diag_warning=225 --display_error_number --diag_wrap=off --printf_support=minimal -z -m"exam.map" --heap_size=80 --stack_size=80 -i"C:/ti/ccsv5/ccs_base/msp430/include" -i"C:/ti/ccsv5/tools/compiler/msp430_4.2.1/lib" -i"C:/ti/ccsv5/tools/compiler/msp430_4.2.1/include" --reread_libs --warn_sections --display_error_number --diag_wrap=off --xml_link_info="exam_linkInfo.xml" --rom_model -o "exam.out"  "./main.obj" "../lnk_msp430g2553.cmd" -l"libc.a" 
<Linking>
remark #10371-D: (ULP 1.1) Detected no uses of low power mode state changes using LPMx or _bis_SR_register() or __low_power_mode_x() in this project.
remark #10372-D: (ULP 4.1) Detected uninitialized Port 2 in this project. Recommend initializing all unused ports to eliminate wasted current consumption on unused pins.
remark #10372-D: (ULP 4.1) Detected uninitialized Port 3 in this project. Recommend initializing all unused ports to eliminate wasted current consumption on unused pins.
'Finished building target: exam.out'
' '

**** Build Finished ****

**** Build of configuration Debug for project exam ****

"C:\\ti\\ccsv5\\utils\\bin\\gmake" -k all 
'Building file: ../main.c'
'Invoking: MSP430 Compiler'
"C:/ti/ccsv5/tools/compiler/msp430_4.2.1/bin/cl430" -vmsp --abi=eabi --include_path="C:/ti/ccsv5/ccs_base/msp430/include" --include_path="C:/ti/ccsv5/tools/compiler/msp430_4.2.1/include" --advice:power=all -g --define=__MSP430G2553__ --diag_warning=225 --display_error_number --diag_wrap=off --printf_support=minimal --preproc_with_compile --preproc_dependency="main.pp"  "../main.c"
"../main.c", line 35: warning #112-D: statement is unreachable
'Finished building: ../main.c'
' '
'Building target: exam.out'
'Invoking: MSP430 Linker'
"C:/ti/ccsv5/tools/compiler/msp430_4.2.1/bin/cl430" -vmsp --abi=eabi --advice:power=all -g --define=__MSP430G2553__ --diag_warning=225 --display_error_number --diag_wrap=off --printf_support=minimal -z -m"exam.map" --heap_size=80 --stack_size=80 -i"C:/ti/ccsv5/ccs_base/msp430/include" -i"C:/ti/ccsv5/tools/compiler/msp430_4.2.1/lib" -i"C:/ti/ccsv5/tools/compiler/msp430_4.2.1/include" --reread_libs --warn_sections --display_error_number --diag_wrap=off --xml_link_info="exam_linkInfo.xml" --rom_model -o "exam.out"  "./main.obj" "../lnk_msp430g2553.cmd" -l"libc.a" 
<Linking>
remark #10371-D: (ULP 1.1) Detected no uses of low power mode state changes using LPMx or _bis_SR_register() or __low_power_mode_x() in this project.
remark #10372-D: (ULP 4.1) Detected uninitialized Port 2 in this project. Recommend initializing all unused ports to eliminate wasted current consumption on unused pins.
remark #10372-D: (ULP 4.1) Detected uninitialized Port 3 in this project. Recommend initializing all unused ports to eliminate wasted current consumption on unused pins.
'Finished building target: exam.out'
' '

**** Build Finished ****

**** Build of configuration Debug for project exam ****

"C:\\ti\\ccsv5\\utils\\bin\\gmake" -k all 
'Building file: ../main.c'
'Invoking: MSP430 Compiler'
"C:/ti/ccsv5/tools/compiler/msp430_4.2.1/bin/cl430" -vmsp --abi=eabi --include_path="C:/ti/ccsv5/ccs_base/msp430/include" --include_path="C:/ti/ccsv5/tools/compiler/msp430_4.2.1/include" --advice:power=all -g --define=__MSP430G2553__ --diag_warning=225 --display_error_number --diag_wrap=off --printf_support=minimal --preproc_with_compile --preproc_dependency="main.pp"  "../main.c"
"../main.c", line 31: warning #112-D: statement is unreachable
'Finished building: ../main.c'
' '
'Building target: exam.out'
'Invoking: MSP430 Linker'
"C:/ti/ccsv5/tools/compiler/msp430_4.2.1/bin/cl430" -vmsp --abi=eabi --advice:power=all -g --define=__MSP430G2553__ --diag_warning=225 --display_error_number --diag_wrap=off --printf_support=minimal -z -m"exam.map" --heap_size=80 --stack_size=80 -i"C:/ti/ccsv5/ccs_base/msp430/include" -i"C:/ti/ccsv5/tools/compiler/msp430_4.2.1/lib" -i"C:/ti/ccsv5/tools/compiler/msp430_4.2.1/include" --reread_libs --warn_sections --display_error_number --diag_wrap=off --xml_link_info="exam_linkInfo.xml" --rom_model -o "exam.out"  "./main.obj" "../lnk_msp430g2553.cmd" -l"libc.a" 
<Linking>
remark #10371-D: (ULP 1.1) Detected no uses of low power mode state changes using LPMx or _bis_SR_register() or __low_power_mode_x() in this project.
remark #10372-D: (ULP 4.1) Detected uninitialized Port 2 in this project. Recommend initializing all unused ports to eliminate wasted current consumption on unused pins.
remark #10372-D: (ULP 4.1) Detected uninitialized Port 3 in this project. Recommend initializing all unused ports to eliminate wasted current consumption on unused pins.
'Finished building target: exam.out'
' '

**** Build Finished ****

**** Build of configuration Debug for project exam ****

"C:\\ti\\ccsv5\\utils\\bin\\gmake" -k all 
'Building file: ../main.c'
'Invoking: MSP430 Compiler'
"C:/ti/ccsv5/tools/compiler/msp430_4.2.1/bin/cl430" -vmsp --abi=eabi --include_path="C:/ti/ccsv5/ccs_base/msp430/include" --include_path="C:/ti/ccsv5/tools/compiler/msp430_4.2.1/include" --advice:power=all -g --define=__MSP430G2553__ --diag_warning=225 --display_error_number --diag_wrap=off --printf_support=minimal --preproc_with_compile --preproc_dependency="main.pp"  "../main.c"
"../main.c", line 31: warning #112-D: statement is unreachable
'Finished building: ../main.c'
' '
'Building target: exam.out'
'Invoking: MSP430 Linker'
"C:/ti/ccsv5/tools/compiler/msp430_4.2.1/bin/cl430" -vmsp --abi=eabi --advice:power=all -g --define=__MSP430G2553__ --diag_warning=225 --display_error_number --diag_wrap=off --printf_support=minimal -z -m"exam.map" --heap_size=80 --stack_size=80 -i"C:/ti/ccsv5/ccs_base/msp430/include" -i"C:/ti/ccsv5/tools/compiler/msp430_4.2.1/lib" -i"C:/ti/ccsv5/tools/compiler/msp430_4.2.1/include" --reread_libs --warn_sections --display_error_number --diag_wrap=off --xml_link_info="exam_linkInfo.xml" --rom_model -o "exam.out"  "./main.obj" "../lnk_msp430g2553.cmd" -l"libc.a" 
<Linking>
remark #10371-D: (ULP 1.1) Detected no uses of low power mode state changes using LPMx or _bis_SR_register() or __low_power_mode_x() in this project.
remark #10372-D: (ULP 4.1) Detected uninitialized Port 2 in this project. Recommend initializing all unused ports to eliminate wasted current consumption on unused pins.
remark #10372-D: (ULP 4.1) Detected uninitialized Port 3 in this project. Recommend initializing all unused ports to eliminate wasted current consumption on unused pins.
'Finished building target: exam.out'
' '

**** Build Finished ****

**** Build of configuration Debug for project exam ****

"C:\\ti\\ccsv5\\utils\\bin\\gmake" -k all 
'Building file: ../main.c'
'Invoking: MSP430 Compiler'
"C:/ti/ccsv5/tools/compiler/msp430_4.2.1/bin/cl430" -vmsp --abi=eabi --include_path="C:/ti/ccsv5/ccs_base/msp430/include" --include_path="C:/ti/ccsv5/tools/compiler/msp430_4.2.1/include" --advice:power=all -g --define=__MSP430G2553__ --diag_warning=225 --display_error_number --diag_wrap=off --printf_support=minimal --preproc_with_compile --preproc_dependency="main.pp"  "../main.c"
"../main.c", line 34: warning #112-D: statement is unreachable
'Finished building: ../main.c'
' '
'Building target: exam.out'
'Invoking: MSP430 Linker'
"C:/ti/ccsv5/tools/compiler/msp430_4.2.1/bin/cl430" -vmsp --abi=eabi --advice:power=all -g --define=__MSP430G2553__ --diag_warning=225 --display_error_number --diag_wrap=off --printf_support=minimal -z -m"exam.map" --heap_size=80 --stack_size=80 -i"C:/ti/ccsv5/ccs_base/msp430/include" -i"C:/ti/ccsv5/tools/compiler/msp430_4.2.1/lib" -i"C:/ti/ccsv5/tools/compiler/msp430_4.2.1/include" --reread_libs --warn_sections --display_error_number --diag_wrap=off --xml_link_info="exam_linkInfo.xml" --rom_model -o "exam.out"  "./main.obj" "../lnk_msp430g2553.cmd" -l"libc.a" 
<Linking>
remark #10371-D: (ULP 1.1) Detected no uses of low power mode state changes using LPMx or _bis_SR_register() or __low_power_mode_x() in this project.
remark #10372-D: (ULP 4.1) Detected uninitialized Port 2 in this project. Recommend initializing all unused ports to eliminate wasted current consumption on unused pins.
remark #10372-D: (ULP 4.1) Detected uninitialized Port 3 in this project. Recommend initializing all unused ports to eliminate wasted current consumption on unused pins.
'Finished building target: exam.out'
' '

**** Build Finished ****

**** Build of configuration Debug for project exam ****

"C:\\ti\\ccsv5\\utils\\bin\\gmake" -k all 
'Building file: ../main.c'
'Invoking: MSP430 Compiler'
"C:/ti/ccsv5/tools/compiler/msp430_4.2.1/bin/cl430" -vmsp --abi=eabi --include_path="C:/ti/ccsv5/ccs_base/msp430/include" --include_path="C:/ti/ccsv5/tools/compiler/msp430_4.2.1/include" --advice:power=all -g --define=__MSP430G2553__ --diag_warning=225 --display_error_number --diag_wrap=off --printf_support=minimal --preproc_with_compile --preproc_dependency="main.pp"  "../main.c"
"../main.c", line 34: warning #112-D: statement is unreachable
'Finished building: ../main.c'
' '
'Building target: exam.out'
'Invoking: MSP430 Linker'
"C:/ti/ccsv5/tools/compiler/msp430_4.2.1/bin/cl430" -vmsp --abi=eabi --advice:power=all -g --define=__MSP430G2553__ --diag_warning=225 --display_error_number --diag_wrap=off --printf_support=minimal -z -m"exam.map" --heap_size=80 --stack_size=80 -i"C:/ti/ccsv5/ccs_base/msp430/include" -i"C:/ti/ccsv5/tools/compiler/msp430_4.2.1/lib" -i"C:/ti/ccsv5/tools/compiler/msp430_4.2.1/include" --reread_libs --warn_sections --display_error_number --diag_wrap=off --xml_link_info="exam_linkInfo.xml" --rom_model -o "exam.out"  "./main.obj" "../lnk_msp430g2553.cmd" -l"libc.a" 
<Linking>
remark #10371-D: (ULP 1.1) Detected no uses of low power mode state changes using LPMx or _bis_SR_register() or __low_power_mode_x() in this project.
remark #10372-D: (ULP 4.1) Detected uninitialized Port 2 in this project. Recommend initializing all unused ports to eliminate wasted current consumption on unused pins.
remark #10372-D: (ULP 4.1) Detected uninitialized Port 3 in this project. Recommend initializing all unused ports to eliminate wasted current consumption on unused pins.
'Finished building target: exam.out'
' '

**** Build Finished ****

**** Build of configuration Debug for project exam ****

"C:\\ti\\ccsv5\\utils\\bin\\gmake" -k all 
'Building file: ../main.c'
'Invoking: MSP430 Compiler'
"C:/ti/ccsv5/tools/compiler/msp430_4.2.1/bin/cl430" -vmsp --abi=eabi --include_path="C:/ti/ccsv5/ccs_base/msp430/include" --include_path="C:/ti/ccsv5/tools/compiler/msp430_4.2.1/include" --advice:power=all -g --define=__MSP430G2553__ --diag_warning=225 --display_error_number --diag_wrap=off --printf_support=minimal --preproc_with_compile --preproc_dependency="main.pp"  "../main.c"
"../main.c", line 34: warning #112-D: statement is unreachable
'Finished building: ../main.c'
' '
'Building target: exam.out'
'Invoking: MSP430 Linker'
"C:/ti/ccsv5/tools/compiler/msp430_4.2.1/bin/cl430" -vmsp --abi=eabi --advice:power=all -g --define=__MSP430G2553__ --diag_warning=225 --display_error_number --diag_wrap=off --printf_support=minimal -z -m"exam.map" --heap_size=80 --stack_size=80 -i"C:/ti/ccsv5/ccs_base/msp430/include" -i"C:/ti/ccsv5/tools/compiler/msp430_4.2.1/lib" -i"C:/ti/ccsv5/tools/compiler/msp430_4.2.1/include" --reread_libs --warn_sections --display_error_number --diag_wrap=off --xml_link_info="exam_linkInfo.xml" --rom_model -o "exam.out"  "./main.obj" "../lnk_msp430g2553.cmd" -l"libc.a" 
<Linking>
remark #10371-D: (ULP 1.1) Detected no uses of low power mode state changes using LPMx or _bis_SR_register() or __low_power_mode_x() in this project.
remark #10372-D: (ULP 4.1) Detected uninitialized Port 2 in this project. Recommend initializing all unused ports to eliminate wasted current consumption on unused pins.
remark #10372-D: (ULP 4.1) Detected uninitialized Port 3 in this project. Recommend initializing all unused ports to eliminate wasted current consumption on unused pins.
'Finished building target: exam.out'
' '

**** Build Finished ****

**** Build of configuration Debug for project exam ****

"C:\\ti\\ccsv5\\utils\\bin\\gmake" -k all 
'Building file: ../main.c'
'Invoking: MSP430 Compiler'
"C:/ti/ccsv5/tools/compiler/msp430_4.2.1/bin/cl430" -vmsp --abi=eabi --include_path="C:/ti/ccsv5/ccs_base/msp430/include" --include_path="C:/ti/ccsv5/tools/compiler/msp430_4.2.1/include" --advice:power=all -g --define=__MSP430G2553__ --diag_warning=225 --display_error_number --diag_wrap=off --printf_support=minimal --preproc_with_compile --preproc_dependency="main.pp"  "../main.c"
"../main.c", line 11: warning #69-D: integer conversion resulted in a change of sign
"../main.c", line 11: remark #1535-D: (ULP 8.1) variable "t" is used as a constant. Recommend declaring variable as either 'static const' or 'const'
'Finished building: ../main.c'
' '
'Building target: exam.out'
'Invoking: MSP430 Linker'
"C:/ti/ccsv5/tools/compiler/msp430_4.2.1/bin/cl430" -vmsp --abi=eabi --advice:power=all -g --define=__MSP430G2553__ --diag_warning=225 --display_error_number --diag_wrap=off --printf_support=minimal -z -m"exam.map" --heap_size=80 --stack_size=80 -i"C:/ti/ccsv5/ccs_base/msp430/include" -i"C:/ti/ccsv5/tools/compiler/msp430_4.2.1/lib" -i"C:/ti/ccsv5/tools/compiler/msp430_4.2.1/include" --reread_libs --warn_sections --display_error_number --diag_wrap=off --xml_link_info="exam_linkInfo.xml" --rom_model -o "exam.out"  "./main.obj" "../lnk_msp430g2553.cmd" -l"libc.a" 
<Linking>
remark #10372-D: (ULP 4.1) Detected uninitialized Port 2 in this project. Recommend initializing all unused ports to eliminate wasted current consumption on unused pins.
remark #10372-D: (ULP 4.1) Detected uninitialized Port 3 in this project. Recommend initializing all unused ports to eliminate wasted current consumption on unused pins.
'Finished building target: exam.out'
' '

**** Build Finished ****

**** Build of configuration Debug for project exam ****

"C:\\ti\\ccsv5\\utils\\bin\\gmake" -k all 
'Building file: ../main.c'
'Invoking: MSP430 Compiler'
"C:/ti/ccsv5/tools/compiler/msp430_4.2.1/bin/cl430" -vmsp --abi=eabi --include_path="C:/ti/ccsv5/ccs_base/msp430/include" --include_path="C:/ti/ccsv5/tools/compiler/msp430_4.2.1/include" --advice:power=all -g --define=__MSP430G2553__ --diag_warning=225 --display_error_number --diag_wrap=off --printf_support=minimal --preproc_with_compile --preproc_dependency="main.pp"  "../main.c"
"../main.c", line 11: warning #69-D: integer conversion resulted in a change of sign
"../main.c", line 11: remark #1535-D: (ULP 8.1) variable "t" is used as a constant. Recommend declaring variable as either 'static const' or 'const'
'Finished building: ../main.c'
' '
'Building target: exam.out'
'Invoking: MSP430 Linker'
"C:/ti/ccsv5/tools/compiler/msp430_4.2.1/bin/cl430" -vmsp --abi=eabi --advice:power=all -g --define=__MSP430G2553__ --diag_warning=225 --display_error_number --diag_wrap=off --printf_support=minimal -z -m"exam.map" --heap_size=80 --stack_size=80 -i"C:/ti/ccsv5/ccs_base/msp430/include" -i"C:/ti/ccsv5/tools/compiler/msp430_4.2.1/lib" -i"C:/ti/ccsv5/tools/compiler/msp430_4.2.1/include" --reread_libs --warn_sections --display_error_number --diag_wrap=off --xml_link_info="exam_linkInfo.xml" --rom_model -o "exam.out"  "./main.obj" "../lnk_msp430g2553.cmd" -l"libc.a" 
<Linking>
remark #10372-D: (ULP 4.1) Detected uninitialized Port 2 in this project. Recommend initializing all unused ports to eliminate wasted current consumption on unused pins.
remark #10372-D: (ULP 4.1) Detected uninitialized Port 3 in this project. Recommend initializing all unused ports to eliminate wasted current consumption on unused pins.
'Finished building target: exam.out'
' '

**** Build Finished ****

**** Build of configuration Debug for project exam ****

"C:\\ti\\ccsv5\\utils\\bin\\gmake" -k all 
'Building file: ../main.c'
'Invoking: MSP430 Compiler'
"C:/ti/ccsv5/tools/compiler/msp430_4.2.1/bin/cl430" -vmsp --abi=eabi --include_path="C:/ti/ccsv5/ccs_base/msp430/include" --include_path="C:/ti/ccsv5/tools/compiler/msp430_4.2.1/include" --advice:power=all -g --define=__MSP430G2553__ --diag_warning=225 --display_error_number --diag_wrap=off --printf_support=minimal --preproc_with_compile --preproc_dependency="main.pp"  "../main.c"
"../main.c", line 11: warning #69-D: integer conversion resulted in a change of sign
"../main.c", line 11: remark #1535-D: (ULP 8.1) variable "t" is used as a constant. Recommend declaring variable as either 'static const' or 'const'
'Finished building: ../main.c'
' '
'Building target: exam.out'
'Invoking: MSP430 Linker'
"C:/ti/ccsv5/tools/compiler/msp430_4.2.1/bin/cl430" -vmsp --abi=eabi --advice:power=all -g --define=__MSP430G2553__ --diag_warning=225 --display_error_number --diag_wrap=off --printf_support=minimal -z -m"exam.map" --heap_size=80 --stack_size=80 -i"C:/ti/ccsv5/ccs_base/msp430/include" -i"C:/ti/ccsv5/tools/compiler/msp430_4.2.1/lib" -i"C:/ti/ccsv5/tools/compiler/msp430_4.2.1/include" --reread_libs --warn_sections --display_error_number --diag_wrap=off --xml_link_info="exam_linkInfo.xml" --rom_model -o "exam.out"  "./main.obj" "../lnk_msp430g2553.cmd" -l"libc.a" 
<Linking>
remark #10372-D: (ULP 4.1) Detected uninitialized Port 2 in this project. Recommend initializing all unused ports to eliminate wasted current consumption on unused pins.
remark #10372-D: (ULP 4.1) Detected uninitialized Port 3 in this project. Recommend initializing all unused ports to eliminate wasted current consumption on unused pins.
'Finished building target: exam.out'
' '

**** Build Finished ****

**** Build of configuration Debug for project exam ****

"C:\\ti\\ccsv5\\utils\\bin\\gmake" -k all 
gmake: Nothing to be done for `all'.

**** Build Finished ****

**** Build of configuration Debug for project exam ****

"C:\\ti\\ccsv5\\utils\\bin\\gmake" -k all 
'Building file: ../main.c'
'Invoking: MSP430 Compiler'
"C:/ti/ccsv5/tools/compiler/msp430_4.2.1/bin/cl430" -vmsp --abi=eabi --include_path="C:/ti/ccsv5/ccs_base/msp430/include" --include_path="C:/ti/ccsv5/tools/compiler/msp430_4.2.1/include" --advice:power=all -g --define=__MSP430G2553__ --diag_warning=225 --display_error_number --diag_wrap=off --printf_support=minimal --preproc_with_compile --preproc_dependency="main.pp"  "../main.c"
"../main.c", line 11: warning #69-D: integer conversion resulted in a change of sign
"../main.c", line 11: remark #1535-D: (ULP 8.1) variable "t" is used as a constant. Recommend declaring variable as either 'static const' or 'const'
'Finished building: ../main.c'
' '
'Building target: exam.out'
'Invoking: MSP430 Linker'
"C:/ti/ccsv5/tools/compiler/msp430_4.2.1/bin/cl430" -vmsp --abi=eabi --advice:power=all -g --define=__MSP430G2553__ --diag_warning=225 --display_error_number --diag_wrap=off --printf_support=minimal -z -m"exam.map" --heap_size=80 --stack_size=80 -i"C:/ti/ccsv5/ccs_base/msp430/include" -i"C:/ti/ccsv5/tools/compiler/msp430_4.2.1/lib" -i"C:/ti/ccsv5/tools/compiler/msp430_4.2.1/include" --reread_libs --warn_sections --display_error_number --diag_wrap=off --xml_link_info="exam_linkInfo.xml" --rom_model -o "exam.out"  "./main.obj" "../lnk_msp430g2553.cmd" -l"libc.a" 
<Linking>
remark #10372-D: (ULP 4.1) Detected uninitialized Port 2 in this project. Recommend initializing all unused ports to eliminate wasted current consumption on unused pins.
remark #10372-D: (ULP 4.1) Detected uninitialized Port 3 in this project. Recommend initializing all unused ports to eliminate wasted current consumption on unused pins.
'Finished building target: exam.out'
' '

**** Build Finished ****

**** Build of configuration Debug for project exam ****

"C:\\ti\\ccsv5\\utils\\bin\\gmake" -k all 
'Building file: ../main.c'
'Invoking: MSP430 Compiler'
"C:/ti/ccsv5/tools/compiler/msp430_4.2.1/bin/cl430" -vmsp --abi=eabi --include_path="C:/ti/ccsv5/ccs_base/msp430/include" --include_path="C:/ti/ccsv5/tools/compiler/msp430_4.2.1/include" --advice:power=all -g --define=__MSP430G2553__ --diag_warning=225 --display_error_number --diag_wrap=off --printf_support=minimal --preproc_with_compile --preproc_dependency="main.pp"  "../main.c"
"../main.c", line 11: warning #69-D: integer conversion resulted in a change of sign
"../main.c", line 11: remark #1535-D: (ULP 8.1) variable "t" is used as a constant. Recommend declaring variable as either 'static const' or 'const'
'Finished building: ../main.c'
' '
'Building target: exam.out'
'Invoking: MSP430 Linker'
"C:/ti/ccsv5/tools/compiler/msp430_4.2.1/bin/cl430" -vmsp --abi=eabi --advice:power=all -g --define=__MSP430G2553__ --diag_warning=225 --display_error_number --diag_wrap=off --printf_support=minimal -z -m"exam.map" --heap_size=80 --stack_size=80 -i"C:/ti/ccsv5/ccs_base/msp430/include" -i"C:/ti/ccsv5/tools/compiler/msp430_4.2.1/lib" -i"C:/ti/ccsv5/tools/compiler/msp430_4.2.1/include" --reread_libs --warn_sections --display_error_number --diag_wrap=off --xml_link_info="exam_linkInfo.xml" --rom_model -o "exam.out"  "./main.obj" "../lnk_msp430g2553.cmd" -l"libc.a" 
<Linking>
remark #10372-D: (ULP 4.1) Detected uninitialized Port 2 in this project. Recommend initializing all unused ports to eliminate wasted current consumption on unused pins.
remark #10372-D: (ULP 4.1) Detected uninitialized Port 3 in this project. Recommend initializing all unused ports to eliminate wasted current consumption on unused pins.
'Finished building target: exam.out'
' '

**** Build Finished ****

**** Build of configuration Debug for project exam ****

"C:\\ti\\ccsv5\\utils\\bin\\gmake" -k all 
'Building file: ../main.c'
'Invoking: MSP430 Compiler'
"C:/ti/ccsv5/tools/compiler/msp430_4.2.1/bin/cl430" -vmsp --abi=eabi --include_path="C:/ti/ccsv5/ccs_base/msp430/include" --include_path="C:/ti/ccsv5/tools/compiler/msp430_4.2.1/include" --advice:power=all -g --define=__MSP430G2553__ --diag_warning=225 --display_error_number --diag_wrap=off --printf_support=minimal --preproc_with_compile --preproc_dependency="main.pp"  "../main.c"
'Finished building: ../main.c'
' '
'Building target: exam.out'
'Invoking: MSP430 Linker'
"C:/ti/ccsv5/tools/compiler/msp430_4.2.1/bin/cl430" -vmsp --abi=eabi --advice:power=all -g --define=__MSP430G2553__ --diag_warning=225 --display_error_number --diag_wrap=off --printf_support=minimal -z -m"exam.map" --heap_size=80 --stack_size=80 -i"C:/ti/ccsv5/ccs_base/msp430/include" -i"C:/ti/ccsv5/tools/compiler/msp430_4.2.1/lib" -i"C:/ti/ccsv5/tools/compiler/msp430_4.2.1/include" --reread_libs --warn_sections --display_error_number --diag_wrap=off --xml_link_info="exam_linkInfo.xml" --rom_model -o "exam.out"  "./main.obj" "../lnk_msp430g2553.cmd" -l"libc.a" 
<Linking>
remark #10372-D: (ULP 4.1) Detected uninitialized Port 2 in this project. Recommend initializing all unused ports to eliminate wasted current consumption on unused pins.
remark #10372-D: (ULP 4.1) Detected uninitialized Port 3 in this project. Recommend initializing all unused ports to eliminate wasted current consumption on unused pins.
'Finished building target: exam.out'
' '

**** Build Finished ****

**** Build of configuration Debug for project exam ****

"C:\\ti\\ccsv5\\utils\\bin\\gmake" -k all 
'Building file: ../main.c'
'Invoking: MSP430 Compiler'
"C:/ti/ccsv5/tools/compiler/msp430_4.2.1/bin/cl430" -vmsp --abi=eabi --include_path="C:/ti/ccsv5/ccs_base/msp430/include" --include_path="C:/ti/ccsv5/tools/compiler/msp430_4.2.1/include" --advice:power=all -g --define=__MSP430G2553__ --diag_warning=225 --display_error_number --diag_wrap=off --printf_support=minimal --preproc_with_compile --preproc_dependency="main.pp"  "../main.c"
'Finished building: ../main.c'
' '
'Building target: exam.out'
'Invoking: MSP430 Linker'
"C:/ti/ccsv5/tools/compiler/msp430_4.2.1/bin/cl430" -vmsp --abi=eabi --advice:power=all -g --define=__MSP430G2553__ --diag_warning=225 --display_error_number --diag_wrap=off --printf_support=minimal -z -m"exam.map" --heap_size=80 --stack_size=80 -i"C:/ti/ccsv5/ccs_base/msp430/include" -i"C:/ti/ccsv5/tools/compiler/msp430_4.2.1/lib" -i"C:/ti/ccsv5/tools/compiler/msp430_4.2.1/include" --reread_libs --warn_sections --display_error_number --diag_wrap=off --xml_link_info="exam_linkInfo.xml" --rom_model -o "exam.out"  "./main.obj" "../lnk_msp430g2553.cmd" -l"libc.a" 
<Linking>
remark #10372-D: (ULP 4.1) Detected uninitialized Port 2 in this project. Recommend initializing all unused ports to eliminate wasted current consumption on unused pins.
remark #10372-D: (ULP 4.1) Detected uninitialized Port 3 in this project. Recommend initializing all unused ports to eliminate wasted current consumption on unused pins.
'Finished building target: exam.out'
' '

**** Build Finished ****

**** Build of configuration Debug for project exam ****

"C:\\ti\\ccsv5\\utils\\bin\\gmake" -k all 
'Building file: ../main.c'
'Invoking: MSP430 Compiler'
"C:/ti/ccsv5/tools/compiler/msp430_4.2.1/bin/cl430" -vmsp --abi=eabi --include_path="C:/ti/ccsv5/ccs_base/msp430/include" --include_path="C:/ti/ccsv5/tools/compiler/msp430_4.2.1/include" --advice:power=all -g --define=__MSP430G2553__ --diag_warning=225 --display_error_number --diag_wrap=off --printf_support=minimal --preproc_with_compile --preproc_dependency="main.pp"  "../main.c"
'Finished building: ../main.c'
' '
'Building target: exam.out'
'Invoking: MSP430 Linker'
"C:/ti/ccsv5/tools/compiler/msp430_4.2.1/bin/cl430" -vmsp --abi=eabi --advice:power=all -g --define=__MSP430G2553__ --diag_warning=225 --display_error_number --diag_wrap=off --printf_support=minimal -z -m"exam.map" --heap_size=80 --stack_size=80 -i"C:/ti/ccsv5/ccs_base/msp430/include" -i"C:/ti/ccsv5/tools/compiler/msp430_4.2.1/lib" -i"C:/ti/ccsv5/tools/compiler/msp430_4.2.1/include" --reread_libs --warn_sections --display_error_number --diag_wrap=off --xml_link_info="exam_linkInfo.xml" --rom_model -o "exam.out"  "./main.obj" "../lnk_msp430g2553.cmd" -l"libc.a" 
<Linking>
remark #10372-D: (ULP 4.1) Detected uninitialized Port 2 in this project. Recommend initializing all unused ports to eliminate wasted current consumption on unused pins.
remark #10372-D: (ULP 4.1) Detected uninitialized Port 3 in this project. Recommend initializing all unused ports to eliminate wasted current consumption on unused pins.
'Finished building target: exam.out'
' '

**** Build Finished ****

**** Build of configuration Debug for project exam ****

"C:\\ti\\ccsv5\\utils\\bin\\gmake" -k all 
'Building file: ../main.c'
'Invoking: MSP430 Compiler'
"C:/ti/ccsv5/tools/compiler/msp430_4.2.1/bin/cl430" -vmsp --abi=eabi --include_path="C:/ti/ccsv5/ccs_base/msp430/include" --include_path="C:/ti/ccsv5/tools/compiler/msp430_4.2.1/include" --advice:power=all -g --define=__MSP430G2553__ --diag_warning=225 --display_error_number --diag_wrap=off --printf_support=minimal --preproc_with_compile --preproc_dependency="main.pp"  "../main.c"
'Finished building: ../main.c'
' '
'Building target: exam.out'
'Invoking: MSP430 Linker'
"C:/ti/ccsv5/tools/compiler/msp430_4.2.1/bin/cl430" -vmsp --abi=eabi --advice:power=all -g --define=__MSP430G2553__ --diag_warning=225 --display_error_number --diag_wrap=off --printf_support=minimal -z -m"exam.map" --heap_size=80 --stack_size=80 -i"C:/ti/ccsv5/ccs_base/msp430/include" -i"C:/ti/ccsv5/tools/compiler/msp430_4.2.1/lib" -i"C:/ti/ccsv5/tools/compiler/msp430_4.2.1/include" --reread_libs --warn_sections --display_error_number --diag_wrap=off --xml_link_info="exam_linkInfo.xml" --rom_model -o "exam.out"  "./main.obj" "../lnk_msp430g2553.cmd" -l"libc.a" 
<Linking>
remark #10372-D: (ULP 4.1) Detected uninitialized Port 2 in this project. Recommend initializing all unused ports to eliminate wasted current consumption on unused pins.
remark #10372-D: (ULP 4.1) Detected uninitialized Port 3 in this project. Recommend initializing all unused ports to eliminate wasted current consumption on unused pins.
'Finished building target: exam.out'
' '

**** Build Finished ****

**** Build of configuration Debug for project exam ****

"C:\\ti\\ccsv5\\utils\\bin\\gmake" -k all 
'Building file: ../main.c'
'Invoking: MSP430 Compiler'
"C:/ti/ccsv5/tools/compiler/msp430_4.2.1/bin/cl430" -vmsp --abi=eabi --include_path="C:/ti/ccsv5/ccs_base/msp430/include" --include_path="C:/ti/ccsv5/tools/compiler/msp430_4.2.1/include" --advice:power=all -g --define=__MSP430G2553__ --diag_warning=225 --display_error_number --diag_wrap=off --printf_support=minimal --preproc_with_compile --preproc_dependency="main.pp"  "../main.c"
'Finished building: ../main.c'
' '
'Building target: exam.out'
'Invoking: MSP430 Linker'
"C:/ti/ccsv5/tools/compiler/msp430_4.2.1/bin/cl430" -vmsp --abi=eabi --advice:power=all -g --define=__MSP430G2553__ --diag_warning=225 --display_error_number --diag_wrap=off --printf_support=minimal -z -m"exam.map" --heap_size=80 --stack_size=80 -i"C:/ti/ccsv5/ccs_base/msp430/include" -i"C:/ti/ccsv5/tools/compiler/msp430_4.2.1/lib" -i"C:/ti/ccsv5/tools/compiler/msp430_4.2.1/include" --reread_libs --warn_sections --display_error_number --diag_wrap=off --xml_link_info="exam_linkInfo.xml" --rom_model -o "exam.out"  "./main.obj" "../lnk_msp430g2553.cmd" -l"libc.a" 
<Linking>
remark #10372-D: (ULP 4.1) Detected uninitialized Port 2 in this project. Recommend initializing all unused ports to eliminate wasted current consumption on unused pins.
remark #10372-D: (ULP 4.1) Detected uninitialized Port 3 in this project. Recommend initializing all unused ports to eliminate wasted current consumption on unused pins.
'Finished building target: exam.out'
' '

**** Build Finished ****

**** Clean-only build of configuration Debug for project msp430g2553-practice-03 ****

"C:\\ti\\ccsv5\\utils\\bin\\gmake" -k clean 
DEL /F  "msp430g2553-practice-03.out"
DEL /F "main.pp" "src\HT1621.pp" "src\I2C.pp" "src\LCD_128.pp" "src\TCA6416A.pp" 
DEL /F "main.obj" "src\HT1621.obj" "src\I2C.obj" "src\LCD_128.obj" "src\TCA6416A.obj" 
'Finished clean'
' '

**** Build Finished ****

**** Build of configuration Debug for project msp430g2553-practice-03 ****

"C:\\ti\\ccsv5\\utils\\bin\\gmake" -k all 
'Building file: ../main.c'
'Invoking: MSP430 Compiler'
"C:/ti/ccsv5/tools/compiler/msp430_4.2.1/bin/cl430" -vmsp --abi=eabi --include_path="C:/ti/ccsv5/ccs_base/msp430/include" --include_path="C:/Users/LENOVO/Desktop/msp430g2553-practice-03/src" --include_path="C:/ti/ccsv5/tools/compiler/msp430_4.2.1/include" --advice:power=all -g --define=__MSP430G2553__ --diag_warning=225 --display_error_number --diag_wrap=off --printf_support=minimal --preproc_with_compile --preproc_dependency="main.pp"  "../main.c"
"../main.c", line 37: error #20: identifier "Set" is undefined
"../main.c", line 37: error #66: expected a ";"

"../main.c", line 37: error #19: extra text after expected end of number
>> Compilation failure
"../main.c", line 12: remark #1535-D: (ULP 8.1) variable "counter" is used as a constant. Recommend declaring variable as either 'static const' or 'const'
3 errors detected in the compilation of "../main.c".
gmake: *** [main.obj] Error 1
'Building file: ../src/HT1621.c'
'Invoking: MSP430 Compiler'
"C:/ti/ccsv5/tools/compiler/msp430_4.2.1/bin/cl430" -vmsp --abi=eabi --include_path="C:/ti/ccsv5/ccs_base/msp430/include" --include_path="C:/Users/LENOVO/Desktop/msp430g2553-practice-03/src" --include_path="C:/ti/ccsv5/tools/compiler/msp430_4.2.1/include" --advice:power=all -g --define=__MSP430G2553__ --diag_warning=225 --display_error_number --diag_wrap=off --printf_support=minimal --preproc_with_compile --preproc_dependency="src/HT1621.pp" --obj_directory="src"  "../src/HT1621.c"
"../src/HT1621.c", line 68: remark #1544-D: (ULP 13.1) Detected loop counting up. Recommend loops count down as detecting zeros is easier
"../src/HT1621.c", line 75: remark #1544-D: (ULP 13.1) Detected loop counting up. Recommend loops count down as detecting zeros is easier
"../src/HT1621.c", line 84: remark #1544-D: (ULP 13.1) Detected loop counting up. Recommend loops count down as detecting zeros is easier
"../src/HT1621.c", line 93: remark #1544-D: (ULP 13.1) Detected loop counting up. Recommend loops count down as detecting zeros is easier
"../src/HT1621.c", line 116: remark #1544-D: (ULP 13.1) Detected loop counting up. Recommend loops count down as detecting zeros is easier
"../src/HT1621.c", line 121: remark #1544-D: (ULP 13.1) Detected loop counting up. Recommend loops count down as detecting zeros is easier
"../src/HT1621.c", line 126: remark #1544-D: (ULP 13.1) Detected loop counting up. Recommend loops count down as detecting zeros is easier
"../src/HT1621.c", line 129: remark #1544-D: (ULP 13.1) Detected loop counting up. Recommend loops count down as detecting zeros is easier
"../src/HT1621.c", line 154: remark #1544-D: (ULP 13.1) Detected loop counting up. Recommend loops count down as detecting zeros is easier
"../src/HT1621.c", line 159: remark #1544-D: (ULP 13.1) Detected loop counting up. Recommend loops count down as detecting zeros is easier
"../src/HT1621.c", line 165: remark #1544-D: (ULP 13.1) Detected loop counting up. Recommend loops count down as detecting zeros is easier
'Finished building: ../src/HT1621.c'
' '
'Building file: ../src/I2C.c'
'Invoking: MSP430 Compiler'
"C:/ti/ccsv5/tools/compiler/msp430_4.2.1/bin/cl430" -vmsp --abi=eabi --include_path="C:/ti/ccsv5/ccs_base/msp430/include" --include_path="C:/Users/LENOVO/Desktop/msp430g2553-practice-03/src" --include_path="C:/ti/ccsv5/tools/compiler/msp430_4.2.1/include" --advice:power=all -g --define=__MSP430G2553__ --diag_warning=225 --display_error_number --diag_wrap=off --printf_support=minimal --preproc_with_compile --preproc_dependency="src/I2C.pp" --obj_directory="src"  "../src/I2C.c"
"../src/I2C.c", line 277: remark #1544-D: (ULP 13.1) Detected loop counting up. Recommend loops count down as detecting zeros is easier
"../src/I2C.c", line 282: remark #1540-D: (ULP 11.2) Assignment of higher bits (constants) to "P1DIR" within a loop. Recommend using lower 4 bits to allow use of constant generators
"../src/I2C.c", line 285: remark #1540-D: (ULP 11.2) Assignment of higher bits (constants) to "P1DIR" within a loop. Recommend using lower 4 bits to allow use of constant generators
"../src/I2C.c", line 326: remark #1544-D: (ULP 13.1) Detected loop counting up. Recommend loops count down as detecting zeros is easier
"../src/I2C.c", line 334: remark #1540-D: (ULP 11.2) Assignment of higher bits (constants) to "P1DIR" within a loop. Recommend using lower 4 bits to allow use of constant generators
"../src/I2C.c", line 355: remark #1544-D: (ULP 13.1) Detected loop counting up. Recommend loops count down as detecting zeros is easier
"../src/I2C.c", line 378: remark #1544-D: (ULP 13.1) Detected loop counting up. Recommend loops count down as detecting zeros is easier
'Finished building: ../src/I2C.c'
' '
'Building file: ../src/LCD_128.c'
'Invoking: MSP430 Compiler'
"C:/ti/ccsv5/tools/compiler/msp430_4.2.1/bin/cl430" -vmsp --abi=eabi --include_path="C:/ti/ccsv5/ccs_base/msp430/include" --include_path="C:/Users/LENOVO/Desktop/msp430g2553-practice-03/src" --include_path="C:/ti/ccsv5/tools/compiler/msp430_4.2.1/include" --advice:power=all -g --define=__MSP430G2553__ --diag_warning=225 --display_error_number --diag_wrap=off --printf_support=minimal --preproc_with_compile --preproc_dependency="src/LCD_128.pp" --obj_directory="src"  "../src/LCD_128.c"
"../src/LCD_128.c", line 21: remark #1544-D: (ULP 13.1) Detected loop counting up. Recommend loops count down as detecting zeros is easier
"../src/LCD_128.c", line 31: remark #2553-D: (ULP 14.1) Array index (involving "SegNum") of type "int". Recommend using "unsigned int"
"../src/LCD_128.c", line 31: remark #1530-D: (ULP 5.1) Detected divide operation(s). Recommend moving them to RAM during run time or not using as these are processing/power intensive
"../src/LCD_128.c", line 41: remark #2553-D: (ULP 14.1) Array index (involving "SegNum") of type "int". Recommend using "unsigned int"
"../src/LCD_128.c", line 41: remark #1530-D: (ULP 5.1) Detected divide operation(s). Recommend moving them to RAM during run time or not using as these are processing/power intensive
"../src/LCD_128.c", line 266: remark #1544-D: (ULP 13.1) Detected loop counting up. Recommend loops count down as detecting zeros is easier
"../src/LCD_128.c", line 268: remark #1530-D: (ULP 5.1) Detected modulo operation(s). Recommend moving them to RAM during run time or not using as these are processing/power intensive
"../src/LCD_128.c", line 269: remark #1530-D: (ULP 5.1) Detected divide operation(s). Recommend moving them to RAM during run time or not using as these are processing/power intensive
"../src/LCD_128.c", line 276: remark #1544-D: (ULP 13.1) Detected loop counting up. Recommend loops count down as detecting zeros is easier
"../src/LCD_128.c", line 258: remark #1535-D: (ULP 8.1) variable "DispBuff" is used as a constant. Recommend declaring variable as either 'static const' or 'const'
"../src/LCD_128.c", line 11: remark #1535-D: (ULP 8.1) variable "LCD_Buffer" is used as a constant. Recommend declaring variable as either 'static const' or 'const'
'Finished building: ../src/LCD_128.c'
' '
'Building file: ../src/TCA6416A.c'
'Invoking: MSP430 Compiler'
"C:/ti/ccsv5/tools/compiler/msp430_4.2.1/bin/cl430" -vmsp --abi=eabi --include_path="C:/ti/ccsv5/ccs_base/msp430/include" --include_path="C:/Users/LENOVO/Desktop/msp430g2553-practice-03/src" --include_path="C:/ti/ccsv5/tools/compiler/msp430_4.2.1/include" --advice:power=all -g --define=__MSP430G2553__ --diag_warning=225 --display_error_number --diag_wrap=off --printf_support=minimal --preproc_with_compile --preproc_dependency="src/TCA6416A.pp" --obj_directory="src"  "../src/TCA6416A.c"
"../src/TCA6416A.c", line 63: remark #1527-D: (ULP 2.1) Detected SW delay loop using __delay_cycles. Recommend using a timer module instead
"../src/TCA6416A.c", line 62: remark #1535-D: (ULP 8.1) variable "conf" is used as a constant. Recommend declaring variable as either 'static const' or 'const'
"../src/TCA6416A.c", line 113: remark #1530-D: (ULP 5.1) Detected modulo operation(s). Recommend moving them to RAM during run time or not using as these are processing/power intensive
"../src/TCA6416A.c", line 115: remark #1530-D: (ULP 5.1) Detected modulo operation(s). Recommend moving them to RAM during run time or not using as these are processing/power intensive
"../src/TCA6416A.c", line 97: remark #1535-D: (ULP 8.1) variable "out0_7" is used as a constant. Recommend declaring variable as either 'static const' or 'const'
"../src/TCA6416A.c", line 98: remark #1535-D: (ULP 8.1) variable "out10_17" is used as a constant. Recommend declaring variable as either 'static const' or 'const'
"../src/TCA6416A.c", line 136: remark #1535-D: (ULP 8.1) variable "temp" is used as a constant. Recommend declaring variable as either 'static const' or 'const'
"../src/TCA6416A.c", line 137: remark #1535-D: (ULP 8.1) variable "conf" is used as a constant. Recommend declaring variable as either 'static const' or 'const'
'Finished building: ../src/TCA6416A.c'
' '
gmake: Target `all' not remade because of errors.

**** Build Finished ****

**** Build of configuration Debug for project msp430g2553-practice-03 ****

"C:\\ti\\ccsv5\\utils\\bin\\gmake" -k all 
'Building file: ../main.c'
'Invoking: MSP430 Compiler'
"C:/ti/ccsv5/tools/compiler/msp430_4.2.1/bin/cl430" -vmsp --abi=eabi --include_path="C:/ti/ccsv5/ccs_base/msp430/include" --include_path="C:/Users/LENOVO/Desktop/msp430g2553-practice-03/src" --include_path="C:/ti/ccsv5/tools/compiler/msp430_4.2.1/include" --advice:power=all -g --define=__MSP430G2553__ --diag_warning=225 --display_error_number --diag_wrap=off --printf_support=minimal --preproc_with_compile --preproc_dependency="main.pp"  "../main.c"
"../main.c", line 12: remark #1535-D: (ULP 8.1) variable "counter" is used as a constant. Recommend declaring variable as either 'static const' or 'const'
'Finished building: ../main.c'
' '
'Building target: msp430g2553-practice-03.out'
'Invoking: MSP430 Linker'
"C:/ti/ccsv5/tools/compiler/msp430_4.2.1/bin/cl430" -vmsp --abi=eabi --advice:power=all -g --define=__MSP430G2553__ --diag_warning=225 --display_error_number --diag_wrap=off --printf_support=minimal -z -m"msp430g2553-practice-03.map" --heap_size=80 --stack_size=80 -i"C:/ti/ccsv5/ccs_base/msp430/include" -i"C:/ti/ccsv5/tools/compiler/msp430_4.2.1/lib" -i"C:/ti/ccsv5/tools/compiler/msp430_4.2.1/include" --reread_libs --warn_sections --display_error_number --diag_wrap=off --xml_link_info="msp430g2553-practice-03_linkInfo.xml" --rom_model -o "msp430g2553-practice-03.out"  "./src/TCA6416A.obj" "./src/LCD_128.obj" "./src/I2C.obj" "./src/HT1621.obj" "./main.obj" "../lnk_msp430g2553.cmd" -l"libc.a" 
<Linking>
remark #10372-D: (ULP 4.1) Detected uninitialized Port 2 in this project. Recommend initializing all unused ports to eliminate wasted current consumption on unused pins.
remark #10372-D: (ULP 4.1) Detected uninitialized Port 3 in this project. Recommend initializing all unused ports to eliminate wasted current consumption on unused pins.
'Finished building target: msp430g2553-practice-03.out'
' '

**** Build Finished ****

**** Build of configuration Debug for project msp430g2553-practice-03 ****

"C:\\ti\\ccsv5\\utils\\bin\\gmake" -k all 
gmake: Nothing to be done for `all'.

**** Build Finished ****

**** Build of configuration Debug for project msp430g2553-practice-03 ****

"C:\\ti\\ccsv5\\utils\\bin\\gmake" -k all 
gmake: Nothing to be done for `all'.

**** Build Finished ****

**** Build of configuration Debug for project msp430g2553-practice-03 ****

"C:\\ti\\ccsv5\\utils\\bin\\gmake" -k all 
gmake: Nothing to be done for `all'.

**** Build Finished ****

**** Build of configuration Debug for project msp430g2553-practice-03 ****

"C:\\ti\\ccsv5\\utils\\bin\\gmake" -k all 
gmake: Nothing to be done for `all'.

**** Build Finished ****

**** Build of configuration Debug for project msp430g2553-practice-03 ****

"C:\\ti\\ccsv5\\utils\\bin\\gmake" -k all 
gmake: Nothing to be done for `all'.

**** Build Finished ****

**** Build of configuration Debug for project msp430g2553-practice-03 ****

"C:\\ti\\ccsv5\\utils\\bin\\gmake" -k all 
'Building file: ../main.c'
'Invoking: MSP430 Compiler'
"C:/ti/ccsv5/tools/compiler/msp430_4.2.1/bin/cl430" -vmsp --abi=eabi --include_path="C:/ti/ccsv5/ccs_base/msp430/include" --include_path="C:/Users/LENOVO/Desktop/msp430g2553-practice-03/src" --include_path="C:/ti/ccsv5/tools/compiler/msp430_4.2.1/include" --advice:power=all -g --define=__MSP430G2553__ --diag_warning=225 --display_error_number --diag_wrap=off --printf_support=minimal --preproc_with_compile --preproc_dependency="main.pp"  "../main.c"
"../main.c", line 12: remark #1535-D: (ULP 8.1) variable "counter" is used as a constant. Recommend declaring variable as either 'static const' or 'const'
'Finished building: ../main.c'
' '
'Building target: msp430g2553-practice-03.out'
'Invoking: MSP430 Linker'
"C:/ti/ccsv5/tools/compiler/msp430_4.2.1/bin/cl430" -vmsp --abi=eabi --advice:power=all -g --define=__MSP430G2553__ --diag_warning=225 --display_error_number --diag_wrap=off --printf_support=minimal -z -m"msp430g2553-practice-03.map" --heap_size=80 --stack_size=80 -i"C:/ti/ccsv5/ccs_base/msp430/include" -i"C:/ti/ccsv5/tools/compiler/msp430_4.2.1/lib" -i"C:/ti/ccsv5/tools/compiler/msp430_4.2.1/include" --reread_libs --warn_sections --display_error_number --diag_wrap=off --xml_link_info="msp430g2553-practice-03_linkInfo.xml" --rom_model -o "msp430g2553-practice-03.out"  "./src/TCA6416A.obj" "./src/LCD_128.obj" "./src/I2C.obj" "./src/HT1621.obj" "./main.obj" "../lnk_msp430g2553.cmd" -l"libc.a" 
<Linking>
remark #10372-D: (ULP 4.1) Detected uninitialized Port 2 in this project. Recommend initializing all unused ports to eliminate wasted current consumption on unused pins.
remark #10372-D: (ULP 4.1) Detected uninitialized Port 3 in this project. Recommend initializing all unused ports to eliminate wasted current consumption on unused pins.
'Finished building target: msp430g2553-practice-03.out'
' '

**** Build Finished ****
